task_id,repository_folder,code_path_precision,code_path_recall,code_path_f1,code_path_exact,api_path_precision,api_path_recall,api_path_f1,api_path_exact,pred_code_paths,gold_code_paths,pred_api_paths,gold_api_paths,parse_ok,runtime_error
usecase_v1_0000_path,jobic10__student-management-using-django,1.0,0.75,0.8571,0,1.0,0.25,0.4,0,main_app/urls.py | main_app/hod_views.py | main_app/forms.py,main_app/urls.py | main_app/hod_views.py | main_app/forms.py | main_app/models.py,staff/add,staff/add | staff/manage | staff/edit/<staff_id> | staff/delete/<staff_id>,1,0
usecase_v1_0001_path,jobic10__student-management-using-django,1.0,0.75,0.8571,0,1.0,0.75,0.8571,0,main_app/urls.py | main_app/hod_views.py | main_app/forms.py,main_app/urls.py | main_app/hod_views.py | main_app/forms.py | main_app/models.py,student/add | student/edit/<student_id> | student/delete/<student_id>,student/add | student/manage | student/edit/<student_id> | student/delete/<student_id>,1,0
usecase_v1_0002_path,jobic10__student-management-using-django,1.0,0.5,0.6667,0,1.0,0.75,0.8571,0,main_app/urls.py | main_app/hod_views.py,main_app/urls.py | main_app/hod_views.py | main_app/forms.py | main_app/models.py,course/add | course/edit/<course_id> | course/delete/<course_id>,course/add | course/manage | course/edit/<course_id> | course/delete/<course_id>,1,0
usecase_v1_0003_path,jobic10__student-management-using-django,1.0,0.5,0.6667,0,1.0,0.75,0.8571,0,main_app/urls.py | main_app/hod_views.py,main_app/urls.py | main_app/hod_views.py | main_app/forms.py | main_app/models.py,subject/add | subject/edit/<subject_id> | subject/delete/<subject_id>,subject/add | subject/manage | subject/edit/<subject_id> | subject/delete/<subject_id>,1,0
usecase_v1_0004_path,jobic10__student-management-using-django,1.0,1.0,1.0,1,1.0,1.0,1.0,1,main_app/urls.py | main_app/hod_views.py | main_app/forms.py | main_app/models.py,main_app/urls.py | main_app/hod_views.py | main_app/forms.py | main_app/models.py,add_session | session/manage | session/edit/<session_id> | session/delete/<session_id>,add_session | session/manage | session/edit/<session_id> | session/delete/<session_id>,1,0
usecase_v1_0005_path,jobic10__student-management-using-django,1.0,0.75,0.8571,0,1.0,1.0,1.0,1,main_app/urls.py | main_app/staff_views.py | main_app/templates/staff_template/staff_take_attendance.html,main_app/urls.py | main_app/staff_views.py | main_app/models.py | main_app/templates/staff_template/staff_take_attendance.html,staff/attendance/take | staff/get_students | staff/attendance/save,staff/attendance/take | staff/get_students | staff/attendance/save,1,0
usecase_v1_0006_path,jobic10__student-management-using-django,1.0,0.75,0.8571,0,1.0,1.0,1.0,1,main_app/urls.py | main_app/staff_views.py | main_app/templates/staff_template/staff_update_attendance.html,main_app/urls.py | main_app/staff_views.py | main_app/models.py | main_app/templates/staff_template/staff_update_attendance.html,staff/attendance/update | staff/attendance/fetch,staff/attendance/update | staff/attendance/fetch | staff/attendance/update,1,0
usecase_v1_0007_path,jobic10__student-management-using-django,1.0,0.75,0.8571,0,1.0,1.0,1.0,1,main_app/urls.py | main_app/staff_views.py | main_app/EditResultView.py,main_app/urls.py | main_app/staff_views.py | main_app/EditResultView.py | main_app/models.py,staff/result/add | staff/result/edit | staff/result/fetch,staff/result/add | staff/result/edit | staff/result/fetch,1,0
usecase_v1_0008_path,jobic10__student-management-using-django,1.0,0.5,0.6667,0,1.0,1.0,1.0,1,main_app/urls.py | main_app/staff_views.py,main_app/urls.py | main_app/staff_views.py | main_app/forms.py | main_app/models.py,staff/apply/leave,staff/apply/leave,1,0
usecase_v1_0009_path,jobic10__student-management-using-django,1.0,0.75,0.8571,0,1.0,1.0,1.0,1,main_app/urls.py | main_app/student_views.py | main_app/templates/student_template/student_view_attendance.html,main_app/urls.py | main_app/student_views.py | main_app/models.py | main_app/templates/student_template/student_view_attendance.html,student/view/attendance,student/view/attendance,1,0
usecase_v1_0010_path,jobic10__student-management-using-django,1.0,0.75,0.8571,0,1.0,1.0,1.0,1,main_app/urls.py | main_app/student_views.py | main_app/templates/student_template/student_view_result.html,main_app/urls.py | main_app/student_views.py | main_app/models.py | main_app/templates/student_template/student_view_result.html,student/view/result,student/view/result,1,0
usecase_v1_0011_path,jobic10__student-management-using-django,1.0,0.6667,0.8,0,1.0,0.5,0.6667,0,main_app/urls.py | main_app/hod_views.py,main_app/urls.py | main_app/hod_views.py | main_app/models.py,student/view/leave,student/view/leave | staff/view/leave,1,0
usecase_v1_0012_path,jobic10__student-management-using-django,1.0,0.6667,0.8,0,1.0,1.0,1.0,1,main_app/urls.py | main_app/hod_views.py,main_app/urls.py | main_app/hod_views.py | main_app/models.py,student/view/feedback | staff/view/feedback,student/view/feedback | staff/view/feedback,1,0
usecase_v1_0013_path,thakurpdhiraj__library_management_system,1.0,0.5,0.6667,0,1.0,0.3333,0.5,0,client-frontend/src/components/admin/books/NewBook.vue | client-backend/src/main/java/com/dhitha/lms/clientbackend/controller/admin/ClientBookAdminController.java,client-frontend/src/components/admin/books/NewBook.vue | client-backend/src/main/java/com/dhitha/lms/clientbackend/controller/admin/ClientBookAdminController.java | book/src/main/java/com/dhitha/lms/book/controller/BookController.java | inventory/src/main/java/com/dhitha/lms/inventory/controller/InventoryController.java,POST /admin/books,POST /admin/books | POST /books/v1 | POST /v1/books,1,0
usecase_v1_0014_path,thakurpdhiraj__library_management_system,1.0,0.5,0.6667,0,1.0,0.5,0.6667,0,client-frontend/src/components/admin/books/FindBooks.vue | client-frontend/src/components/admin/books/EditBooks.vue,client-frontend/src/components/admin/books/FindBooks.vue | client-frontend/src/components/admin/books/EditBooks.vue | client-backend/src/main/java/com/dhitha/lms/clientbackend/controller/ClientBookController.java | client-backend/src/main/java/com/dhitha/lms/clientbackend/controller/admin/ClientBookAdminController.java,GET /books | PUT /admin/books/{id},GET /books | GET /books/v1 | PUT /admin/books/{id} | PUT /books/v1/{id},1,0
usecase_v1_0015_path,thakurpdhiraj__library_management_system,1.0,0.75,0.8571,0,1.0,0.6667,0.8,0,client-frontend/src/components/admin/books/DeleteBooks.vue | client-backend/src/main/java/com/dhitha/lms/clientbackend/controller/admin/ClientBookAdminController.java | inventory/src/main/java/com/dhitha/lms/inventory/controller/InventoryController.java,client-frontend/src/components/admin/books/DeleteBooks.vue | client-backend/src/main/java/com/dhitha/lms/clientbackend/controller/admin/ClientBookAdminController.java | inventory/src/main/java/com/dhitha/lms/inventory/controller/InventoryController.java | book/src/main/java/com/dhitha/lms/book/controller/BookController.java,DELETE /admin/books/{id} | DELETE /v1/books/{bookId},DELETE /admin/books/{id} | DELETE /v1/books/{bookId} | DELETE /books/v1/{id},1,0
usecase_v1_0016_path,thakurpdhiraj__library_management_system,1.0,0.5,0.6667,0,1.0,0.5,0.6667,0,client-frontend/src/components/admin/users/NewUser.vue | client-frontend/src/components/admin/users/FindUsers.vue,client-frontend/src/components/admin/users/NewUser.vue | client-frontend/src/components/admin/users/FindUsers.vue | client-backend/src/main/java/com/dhitha/lms/clientbackend/controller/admin/ClientUserAdminController.java | user/src/main/java/com/dhitha/lms/user/controller/UserController.java,POST /admin/users | GET /admin/users/{id} | PUT /admin/users/{id} | DELETE /admin/users/{id},POST /admin/users | GET /admin/users/{id} | PUT /admin/users/{id} | DELETE /admin/users/{id} | POST /v1 | GET /v1/{id} | PUT /v1/{id} | DELETE /v1/{id},1,0
usecase_v1_0017_path,thakurpdhiraj__library_management_system,1.0,0.75,0.8571,0,1.0,0.2,0.3333,0,client-frontend/src/components/user/orders/neworder/NewOrder.vue | client-frontend/src/components/user/orders/neworder/SearchInventory.vue | client-frontend/src/components/user/orders/neworder/OrderBook.vue,client-frontend/src/components/user/orders/neworder/NewOrder.vue | client-frontend/src/components/user/orders/neworder/SearchInventory.vue | client-frontend/src/components/user/orders/neworder/OrderBook.vue | client-backend/src/main/java/com/dhitha/lms/clientbackend/controller/ClientOrderController.java,POST /orders/me,GET /books | GET /inventory/books/{bookId}/count | POST /orders/me | POST /v1 | POST /v1/books/{bookId}/order,1,0
usecase_v1_0018_path,thakurpdhiraj__library_management_system,1.0,0.6667,0.8,0,0.3333,0.5,0.4,0,client-frontend/src/components/user/orders/MyOrdersPage.vue | client-backend/src/main/java/com/dhitha/lms/clientbackend/controller/ClientOrderController.java,client-frontend/src/components/user/orders/MyOrdersPage.vue | client-backend/src/main/java/com/dhitha/lms/clientbackend/controller/ClientOrderController.java | order/src/main/java/com/dhitha/lms/order/controller/BookOrderController.java,GET /orders/me | GET /orders/me/overdue/collect | GET /orders/me/overdue/return,GET /orders/me | GET /v1/users/{userId},1,0
usecase_v1_0019_path,thakurpdhiraj__library_management_system,1.0,0.5,0.6667,0,1.0,0.5,0.6667,0,client-frontend/src/components/user/orders/history/MyOrdersHistory.vue | client-backend/src/main/java/com/dhitha/lms/clientbackend/controller/ClientOrderController.java,client-frontend/src/components/user/orders/history/MyOrdersHistory.vue | client-backend/src/main/java/com/dhitha/lms/clientbackend/controller/ClientOrderController.java | order/src/main/java/com/dhitha/lms/order/controller/BookOrderController.java | order/src/main/java/com/dhitha/lms/order/service/BookOrderHistoryServiceImpl.java,GET /orders/me/history,GET /orders/me/history | GET /v1/users/{userId}/history,1,0
usecase_v1_0020_path,thakurpdhiraj__library_management_system,1.0,0.25,0.4,0,1.0,0.5,0.6667,0,client-frontend/src/components/user/orders/utility/FilterOrder.vue,client-frontend/src/components/user/orders/utility/FilterOrder.vue | client-backend/src/main/java/com/dhitha/lms/clientbackend/controller/ClientOrderController.java | order/src/main/java/com/dhitha/lms/order/controller/BookOrderController.java | order/src/main/java/com/dhitha/lms/order/service/BookOrderServiceImpl.java,GET /orders/me/overdue/return | GET /orders/me/overdue/collect,GET /orders/me/overdue/return | GET /orders/me/overdue/collect | GET /v1/overdue/return?userId=... | GET /v1/overdue/collect?userId=...,1,0
usecase_v1_0021_path,thakurpdhiraj__library_management_system,1.0,1.0,1.0,1,0.6,0.5,0.5455,0,client-frontend/src/components/admin/orders/FindOrders.vue | client-backend/src/main/java/com/dhitha/lms/clientbackend/controller/admin/ClientOrderAdminController.java | order/src/main/java/com/dhitha/lms/order/controller/BookOrderController.java,client-frontend/src/components/admin/orders/FindOrders.vue | client-backend/src/main/java/com/dhitha/lms/clientbackend/controller/admin/ClientOrderAdminController.java | order/src/main/java/com/dhitha/lms/order/controller/BookOrderController.java,GET /admin/orders/{id} | GET /admin/orders/users/{userId} | GET /admin/orders/books/{bookId} | PUT /admin/orders/{id}/collect | PUT /admin/orders/{id}/return,GET /admin/orders/{id} | GET /admin/orders/users/{userId} | GET /admin/orders/books/{bookId} | GET /v1/{id} | GET /v1/users/{userId} | GET /v1/books/{bookId},1,0
usecase_v1_0022_path,thakurpdhiraj__library_management_system,1.0,0.75,0.8571,0,1.0,0.5,0.6667,0,client-frontend/src/components/admin/orders/FindOrders.vue | client-backend/src/main/java/com/dhitha/lms/clientbackend/controller/admin/ClientOrderAdminController.java | order/src/main/java/com/dhitha/lms/order/controller/BookOrderController.java,client-frontend/src/components/admin/orders/FindOrders.vue | client-backend/src/main/java/com/dhitha/lms/clientbackend/controller/admin/ClientOrderAdminController.java | order/src/main/java/com/dhitha/lms/order/controller/BookOrderController.java | order/src/main/java/com/dhitha/lms/order/service/BookOrderServiceImpl.java,PUT /admin/orders/{id}/collect,PUT /admin/orders/{id}/collect | PUT /v1/{id}/collect,1,0
usecase_v1_0023_path,thakurpdhiraj__library_management_system,1.0,1.0,1.0,1,1.0,0.3333,0.5,0,client-frontend/src/components/admin/orders/FindOrders.vue | client-backend/src/main/java/com/dhitha/lms/clientbackend/controller/admin/ClientOrderAdminController.java | order/src/main/java/com/dhitha/lms/order/controller/BookOrderController.java | order/src/main/java/com/dhitha/lms/order/service/BookOrderServiceImpl.java,client-frontend/src/components/admin/orders/FindOrders.vue | client-backend/src/main/java/com/dhitha/lms/clientbackend/controller/admin/ClientOrderAdminController.java | order/src/main/java/com/dhitha/lms/order/controller/BookOrderController.java | order/src/main/java/com/dhitha/lms/order/service/BookOrderServiceImpl.java,PUT /admin/orders/{id}/return,PUT /admin/orders/{id}/return | PUT /v1/{id}/return | POST /v1/books/{bookId}/return,1,0
usecase_v1_0024_path,thakurpdhiraj__library_management_system,1.0,0.5,0.6667,0,1.0,0.3333,0.5,0,client-frontend/src/views/LoginView.vue | client-backend/src/main/java/com/dhitha/lms/clientbackend/controller/ClientAuthController.java,client-frontend/src/views/LoginView.vue | client-frontend/src/router/router.js | client-backend/src/main/java/com/dhitha/lms/clientbackend/controller/ClientAuthController.java | auth/src/main/java/com/dhitha/lms/auth/controller/AuthController.java,POST /auth/login,POST /auth/login | POST /validate | POST /v1/validate,1,0
usecase_v1_0025_path,abdulwahid880__School-Management-system-in-laravel-,1.0,1.0,1.0,1,1.0,1.0,1.0,1,routes/web.php | app/Http/Controllers/SchoolController.php | app/School.php,routes/web.php | app/Http/Controllers/SchoolController.php | app/School.php,GET /schools | POST /schools | GET /schools/{id}/edit | PUT /schools/{id},GET /schools | POST /schools | GET /schools/{id}/edit | PUT /schools/{id},1,0
usecase_v1_0026_path,abdulwahid880__School-Management-system-in-laravel-,1.0,0.5,0.6667,0,0.0,0.0,0.0,0,routes/web.php | app/Http/Controllers/UserController.php,routes/web.php | app/Http/Controllers/UserController.php | app/User.php | app/StudentInfo.php,,GET /register/student | POST /register/student | GET /register/teacher | POST /register/teacher | POST /register/accountant | POST /register/librarian,1,0
usecase_v1_0027_path,abdulwahid880__School-Management-system-in-laravel-,1.0,0.5,0.6667,0,1.0,0.3333,0.5,0,routes/web.php | app/Http/Controllers/MyclassController.php,routes/web.php | app/Http/Controllers/MyclassController.php | app/Http/Controllers/SectionController.php | app/Http/Controllers/SchoolController.php,POST /school/add-class,POST /school/add-class | POST /school/add-section | POST /school/add-department,1,0
usecase_v1_0028_path,abdulwahid880__School-Management-system-in-laravel-,1.0,0.6667,0.8,0,1.0,0.3333,0.5,0,routes/web.php | app/Http/Controllers/AttendanceController.php,routes/web.php | app/Http/Controllers/AttendanceController.php | app/Attendance.php,POST /attendance/take-attendance,GET /attendances/{section_id} | GET /attendances/students/{teacher_id}/{course_id}/{exam_id}/{section_id} | POST /attendance/take-attendance,1,0
usecase_v1_0029_path,abdulwahid880__School-Management-system-in-laravel-,1.0,0.6667,0.8,0,1.0,1.0,1.0,1,app/Http/Controllers/AttendanceController.php | routes/web.php,routes/web.php | app/Http/Controllers/AttendanceController.php | app/Attendance.php,GET /attendance/adjust/{student_id} | POST /attendance/adjust,GET /attendance/adjust/{student_id} | POST /attendance/adjust,1,0
usecase_v1_0030_path,abdulwahid880__School-Management-system-in-laravel-,1.0,0.6667,0.8,0,1.0,1.0,1.0,1,routes/web.php | app/Http/Controllers/GradeController.php,routes/web.php | app/Http/Controllers/GradeController.php | app/Grade.php,GET /grades/t/{teacher_id}/{course_id}/{exam_id}/{section_id} | POST /grades/calculate-marks | POST /grades/save-grade,GET /grades/t/{teacher_id}/{course_id}/{exam_id}/{section_id} | POST /grades/calculate-marks | POST /grades/save-grade,1,0
usecase_v1_0031_path,abdulwahid880__School-Management-system-in-laravel-,1.0,0.6667,0.8,0,1.0,1.0,1.0,1,routes/web.php | app/Http/Controllers/GradeController.php,routes/web.php | app/Http/Controllers/GradeController.php | app/Grade.php,GET /grades/{student_id},GET /grades/{student_id},1,0
usecase_v1_0032_path,abdulwahid880__School-Management-system-in-laravel-,1.0,1.0,1.0,1,1.0,1.0,1.0,1,routes/web.php | app/Http/Controllers/FeeController.php | app/Fee.php,routes/web.php | app/Http/Controllers/FeeController.php | app/Fee.php,GET /fees/all | GET /fees/create | POST /fees/create,GET /fees/all | GET /fees/create | POST /fees/create,1,0
usecase_v1_0033_path,abdulwahid880__School-Management-system-in-laravel-,1.0,1.0,1.0,1,1.0,1.0,1.0,1,routes/web.php | app/Http/Controllers/AccountController.php | app/Account.php | app/AccountSector.php,routes/web.php | app/Http/Controllers/AccountController.php | app/Account.php | app/AccountSector.php,GET /accounts/sectors | POST /accounts/create-sector | GET /accounts/income | POST /accounts/create-income | GET /accounts/expense | POST /accounts/create-expense,GET /accounts/sectors | POST /accounts/create-sector | GET /accounts/income | POST /accounts/create-income | GET /accounts/expense | POST /accounts/create-expense,1,0
usecase_v1_0034_path,abdulwahid880__School-Management-system-in-laravel-,1.0,0.6667,0.8,0,1.0,0.5,0.6667,0,routes/web.php | app/Http/Controllers/ExamController.php,routes/web.php | app/Http/Controllers/ExamController.php | app/Exam.php,GET /exams/create | POST /exams/create,GET /exams | GET /exams/create | POST /exams/create | POST /exams/activate-exam,1,0
usecase_v1_0035_path,abdulwahid880__School-Management-system-in-laravel-,1.0,0.25,0.4,0,0.0,0.0,0.0,0,app/Http/Controllers/NoticeController.php,routes/web.php | app/Http/Controllers/SyllabusController.php | app/Http/Controllers/NoticeController.php | app/Http/Controllers/EventController.php,,GET /academic/syllabus | GET /academic/notice | GET /academic/event | GET /academic/routine | GET /academic/remove/notice/{id},1,0
usecase_v1_0036_path,abdulwahid880__School-Management-system-in-laravel-,1.0,1.0,1.0,1,1.0,1.0,1.0,1,routes/web.php | app/Http/Controllers/Library/BookController.php | app/Book.php,routes/web.php | app/Http/Controllers/Library/BookController.php | app/Book.php,GET /library/books | POST /library/books | GET /library/books/{book}/edit | PUT /library/books/{book} | DELETE /library/books/{book},GET /library/books | POST /library/books | GET /library/books/{book}/edit | PUT /library/books/{book} | DELETE /library/books/{book},1,0
usecase_v1_0037_path,abdulwahid880__School-Management-system-in-laravel-,1.0,0.6667,0.8,0,1.0,0.75,0.8571,0,routes/web.php | app/Http/Controllers/IssuedbookController.php,routes/web.php | app/Http/Controllers/IssuedbookController.php | app/Issuedbook.php,GET /library/issue-books | POST /library/issue-books | GET /library/issued-books,GET /library/issue-books | POST /library/issue-books | GET /library/issued-books | POST /library/save_as_returned,1,0
usecase_v1_0038_path,abdulwahid880__School-Management-system-in-laravel-,1.0,0.5,0.6667,0,1.0,1.0,1.0,1,routes/web.php | app/Http/Controllers/UploadController.php,routes/web.php | app/Http/Controllers/UploadController.php | app/Imports/StudentsImport.php | app/Imports/TeachersImport.php,POST /users/import/user-xlsx | GET /users/export/students-xlsx,POST /users/import/user-xlsx | GET /users/export/students-xlsx,1,0
usecase_v1_0039_path,4jean__lav_sms,1.0,1.0,1.0,1,1.0,1.0,1.0,1,routes/web.php | app/Http/Controllers/SupportTeam/StudentRecordController.php | app/Models/StudentRecord.php,routes/web.php | app/Http/Controllers/SupportTeam/StudentRecordController.php | app/Models/StudentRecord.php,GET /students | POST /students | GET /students/{id}/edit | PUT /students/{id} | DELETE /students/{id} | GET /students/reset_pass/{st_id},GET /students | POST /students | GET /students/{id}/edit | PUT /students/{id} | DELETE /students/{id} | GET /students/reset_pass/{st_id},1,0
usecase_v1_0040_path,4jean__lav_sms,1.0,1.0,1.0,1,1.0,1.0,1.0,1,routes/web.php | app/Http/Controllers/SupportTeam/PromotionController.php,routes/web.php | app/Http/Controllers/SupportTeam/PromotionController.php,POST /students/promote_selector | GET /students/promotion/{fc?}/{fs?}/{tc?}/{ts?} | POST /students/promote/{fc}/{fs}/{tc}/{ts},POST /students/promote_selector | GET /students/promotion/{fc?}/{fs?}/{tc?}/{ts?} | POST /students/promote/{fc}/{fs}/{tc}/{ts},1,0
usecase_v1_0041_path,4jean__lav_sms,1.0,1.0,1.0,1,0.5,0.4,0.4444,0,routes/web.php | app/Http/Controllers/SupportTeam/TimeTableController.php,routes/web.php | app/Http/Controllers/SupportTeam/TimeTableController.php,GET /timetables | POST /timetables | PUT /timetables/{tt} | DELETE /timetables/{tt},GET /timetables | POST /timetables | GET /timetables/records/manage/{ttr} | POST /timetables/records | GET /timetables/records/print/{ttr},1,0
usecase_v1_0042_path,4jean__lav_sms,1.0,1.0,1.0,1,1.0,1.0,1.0,1,routes/web.php | app/Http/Controllers/SupportTeam/PaymentController.php,routes/web.php | app/Http/Controllers/SupportTeam/PaymentController.php,GET /payments/manage/{class_id?} | POST /payments/pay_now/{id} | GET /payments/invoice/{id}/{year?} | GET /payments/receipts/{id} | GET /payments/pdf_receipts/{id},GET /payments/manage/{class_id?} | POST /payments/pay_now/{id} | GET /payments/invoice/{id}/{year?} | GET /payments/receipts/{id} | GET /payments/pdf_receipts/{id},1,0
usecase_v1_0043_path,4jean__lav_sms,1.0,1.0,1.0,1,1.0,0.8,0.8889,0,routes/web.php | app/Http/Controllers/SupportTeam/MarkController.php,routes/web.php | app/Http/Controllers/SupportTeam/MarkController.php,GET /marks/manage/{exam}/{class}/{section}/{subject} | PUT /marks/update/{exam}/{class}/{section}/{subject} | PUT /marks/comment_update/{exr_id} | PUT /marks/skills_update/{skill}/{exr_id},GET /marks | GET /marks/manage/{exam}/{class}/{section}/{subject} | PUT /marks/update/{exam}/{class}/{section}/{subject} | PUT /marks/comment_update/{exr_id} | PUT /marks/skills_update/{skill}/{exr_id},1,0
usecase_v1_0044_path,4jean__lav_sms,1.0,1.0,1.0,1,1.0,0.75,0.8571,0,routes/web.php | app/Http/Controllers/SupportTeam/MarkController.php,routes/web.php | app/Http/Controllers/SupportTeam/MarkController.php,GET /marks/select_year/{id} | POST /marks/select_year/{id} | GET /marks/show/{id}/{year},GET /marks/select_year/{id} | POST /marks/select_year/{id} | GET /marks/show/{id}/{year} | GET /marks/print/{id}/{exam_id}/{year},1,0
usecase_v1_0045_path,4jean__lav_sms,1.0,1.0,1.0,1,1.0,1.0,1.0,1,routes/web.php | app/Http/Controllers/SupportTeam/MarkController.php,routes/web.php | app/Http/Controllers/SupportTeam/MarkController.php,GET /marks/tabulation/{exam?}/{class?}/{sec_id?} | POST /marks/tabulation | GET /marks/tabulation/print/{exam}/{class}/{sec_id},GET /marks/tabulation/{exam?}/{class?}/{sec_id?} | POST /marks/tabulation | GET /marks/tabulation/print/{exam}/{class}/{sec_id},1,0
usecase_v1_0046_path,4jean__lav_sms,1.0,0.5,0.6667,0,1.0,0.2,0.3333,0,routes/web.php | app/Http/Controllers/SupportTeam/MyClassController.php,routes/web.php | app/Http/Controllers/SupportTeam/MyClassController.php | app/Http/Controllers/SupportTeam/SectionController.php | app/Http/Controllers/SupportTeam/SubjectController.php,RESOURCE /classes,RESOURCE /classes | RESOURCE /sections | RESOURCE /subjects | RESOURCE /grades | RESOURCE /exams,1,0
usecase_v1_0047_path,4jean__lav_sms,1.0,1.0,1.0,1,0.0,0.0,0.0,0,routes/web.php | app/Http/Controllers/MyParent/MyController.php,routes/web.php | app/Http/Controllers/MyParent/MyController.php,,GET /my_children,1,0
usecase_v1_0048_path,4jean__lav_sms,1.0,1.0,1.0,1,1.0,0.6667,0.8,0,routes/web.php | app/Http/Controllers/MyAccountController.php,routes/web.php | app/Http/Controllers/MyAccountController.php,GET /my_account | PUT /my_account,GET /my_account | PUT /my_account | PUT /my_account/change_password,1,0
usecase_v1_0049_path,4jean__lav_sms,1.0,1.0,1.0,1,1.0,0.6667,0.8,0,routes/web.php | app/Http/Controllers/SupportTeam/PinController.php,routes/web.php | app/Http/Controllers/SupportTeam/PinController.php,GET /pins | POST /pins | GET /pins/enter/{id} | POST /pins/verify/{id},GET /pins/create | GET /pins | POST /pins | GET /pins/enter/{id} | POST /pins/verify/{id} | DELETE /pins,1,0
usecase_v1_0050_path,openfun__marsha,1.0,0.5,0.6667,0,1.0,0.3333,0.5,0,src/backend/marsha/core/api/video.py | src/backend/marsha/urls.py,src/backend/marsha/urls.py | src/backend/marsha/core/api/video.py | src/backend/marsha/core/models/video.py | src/backend/marsha/core/serializers/video.py,POST /api/videos,POST /api/videos | GET /lti/select/video | GET /lti/videos/<uuid>,1,0
usecase_v1_0051_path,openfun__marsha,1.0,0.6667,0.8,0,1.0,1.0,1.0,1,src/backend/marsha/urls.py | src/backend/marsha/core/api/video.py,src/backend/marsha/urls.py | src/backend/marsha/core/api/video.py | src/backend/marsha/core/serializers/file.py,POST /api/videos/{id}/initiate-upload,POST /api/videos/{id}/initiate-upload,1,0
usecase_v1_0052_path,openfun__marsha,1.0,0.5,0.6667,0,1.0,1.0,1.0,1,src/backend/marsha/urls.py | src/backend/marsha/core/api/video.py,src/backend/marsha/urls.py | src/backend/marsha/core/api/video.py | src/backend/marsha/core/serializers/video.py | src/backend/marsha/core/models/video.py,POST /api/videos/{id}/upload-ended,POST /api/videos/{id}/upload-ended,1,0
usecase_v1_0053_path,openfun__marsha,1.0,0.6667,0.8,0,1.0,0.5,0.6667,0,src/backend/marsha/urls.py | src/backend/marsha/core/views.py,src/backend/marsha/urls.py | src/backend/marsha/core/views.py | src/backend/marsha/core/serializers/video.py,GET /lti/videos/<uuid>,GET /lti/videos/<uuid> | GET /videos/<uuid>,1,0
usecase_v1_0054_path,openfun__marsha,1.0,0.5,0.6667,0,1.0,1.0,1.0,1,src/backend/marsha/core/api/timed_text_track.py | src/backend/marsha/core/models/video.py,src/backend/marsha/urls.py | src/backend/marsha/core/api/timed_text_track.py | src/backend/marsha/core/models/video.py | src/backend/marsha/core/serializers/timed_text_track.py,POST /api/videos/{video_id}/timedtexttracks | POST /api/videos/{video_id}/timedtexttracks/{id}/initiate-upload | POST /api/videos/{video_id}/timedtexttracks/{id}/upload-ended,POST /api/videos/{video_id}/timedtexttracks | POST /api/videos/{video_id}/timedtexttracks/{id}/initiate-upload | POST /api/videos/{video_id}/timedtexttracks/{id}/upload-ended,1,0
usecase_v1_0055_path,openfun__marsha,1.0,0.25,0.4,0,1.0,1.0,1.0,1,src/backend/marsha/core/api/thumbnail.py,src/backend/marsha/urls.py | src/backend/marsha/core/api/thumbnail.py | src/backend/marsha/core/models/video.py | src/backend/marsha/websocket/utils/channel_layers_utils.py,POST /api/videos/{video_id}/thumbnails | POST /api/videos/{video_id}/thumbnails/{id}/initiate-upload | POST /api/videos/{video_id}/thumbnails/{id}/upload-ended,POST /api/videos/{video_id}/thumbnails | POST /api/videos/{video_id}/thumbnails/{id}/initiate-upload | POST /api/videos/{video_id}/thumbnails/{id}/upload-ended,1,0
usecase_v1_0056_path,openfun__marsha,1.0,0.75,0.8571,0,0.3333,0.3333,0.3333,0,src/backend/marsha/core/api/file.py | src/backend/marsha/core/models/file.py | src/backend/marsha/core/serializers/file.py,src/backend/marsha/urls.py | src/backend/marsha/core/api/file.py | src/backend/marsha/core/models/file.py | src/backend/marsha/core/serializers/file.py,POST /api/documents | POST /api/documents/<uuid>/initiate-upload | POST /api/documents/<uuid>/upload-ended,POST /api/documents | GET /lti/documents/<uuid> | GET /documents/<uuid>,1,0
usecase_v1_0057_path,openfun__marsha,1.0,0.5,0.6667,0,1.0,1.0,1.0,1,src/backend/marsha/core/api/file.py | src/backend/marsha/core/serializers/file.py,src/backend/marsha/urls.py | src/backend/marsha/core/api/file.py | src/backend/marsha/core/serializers/file.py | src/backend/marsha/core/models/file.py,POST /api/documents/{id}/initiate-upload | POST /api/documents/{id}/upload-ended,POST /api/documents/{id}/initiate-upload | POST /api/documents/{id}/upload-ended,1,0
usecase_v1_0058_path,openfun__marsha,1.0,0.75,0.8571,0,0.75,0.75,0.75,0,src/backend/marsha/core/api/playlist.py | src/backend/marsha/core/models/playlist.py | src/backend/marsha/core/serializers/playlist.py,src/backend/marsha/urls.py | src/backend/marsha/core/api/playlist.py | src/backend/marsha/core/models/playlist.py | src/backend/marsha/core/serializers/playlist.py,GET /api/playlists | POST /api/playlists | PATCH /api/playlists/{id} | DELETE /api/playlists/{id},GET /api/playlists | POST /api/playlists | PATCH /api/playlists/{id} | POST /api/playlists/{id}/claim_by_lti,1,0
usecase_v1_0059_path,openfun__marsha,1.0,0.75,0.8571,0,1.0,1.0,1.0,1,src/backend/marsha/core/api/playlist_access.py | src/backend/marsha/core/models/playlist.py | src/backend/marsha/core/serializers/playlist_access.py,src/backend/marsha/urls.py | src/backend/marsha/core/api/playlist_access.py | src/backend/marsha/core/models/playlist.py | src/backend/marsha/core/serializers/playlist_access.py,GET /api/playlist-accesses | POST /api/playlist-accesses | PATCH /api/playlist-accesses/{id},GET /api/playlist-accesses | POST /api/playlist-accesses | PATCH /api/playlist-accesses/{id},1,0
usecase_v1_0060_path,openfun__marsha,1.0,0.5,0.6667,0,1.0,1.0,1.0,1,src/backend/marsha/urls.py | src/backend/marsha/core/api/video.py,src/backend/marsha/urls.py | src/backend/marsha/core/api/video.py | src/backend/marsha/core/models/video.py | src/frontend/packages/lib_video/src/components/common/VideoWizard/ConfigureLiveButton/index.tsx,POST /api/videos/{id}/start-live | GET /api/videos/{id}/jitsi,POST /api/videos/{id}/start-live | GET /api/videos/{id}/jitsi,1,0
usecase_v1_0061_path,openfun__marsha,1.0,1.0,1.0,1,1.0,1.0,1.0,1,src/backend/marsha/urls.py | src/backend/marsha/core/api/video.py | src/backend/marsha/core/services/video_recording.py | src/backend/marsha/core/models/video.py,src/backend/marsha/urls.py | src/backend/marsha/core/api/video.py | src/backend/marsha/core/services/video_recording.py | src/backend/marsha/core/models/video.py,POST /api/videos/{id}/stop-live | POST /api/videos/{id}/harvest-live | POST /api/videos/{id}/live-to-vod,POST /api/videos/{id}/stop-live | POST /api/videos/{id}/harvest-live | POST /api/videos/{id}/live-to-vod,1,0
usecase_v1_0062_path,openfun__marsha,1.0,0.6667,0.8,0,1.0,1.0,1.0,1,src/backend/marsha/core/api/xapi.py | src/backend/marsha/urls.py,src/backend/marsha/urls.py | src/backend/marsha/core/api/xapi.py | src/backend/marsha/core/serializers/xapi.py,POST /xapi/video/{resource_id},POST /xapi/video/{resource_id},1,0
usecase_v1_0063_path,openfun__marsha,1.0,1.0,1.0,1,1.0,0.6667,0.8,0,src/backend/marsha/bbb/urls.py | src/backend/marsha/bbb/api.py | src/backend/marsha/bbb/models.py | src/backend/marsha/bbb/serializers.py,src/backend/marsha/bbb/urls.py | src/backend/marsha/bbb/api.py | src/backend/marsha/bbb/models.py | src/backend/marsha/bbb/serializers.py,GET /api/classrooms | POST /api/classrooms,GET /api/classrooms | POST /api/classrooms | GET /api/meetings,1,0
usecase_v1_0064_path,openfun__marsha,1.0,0.6667,0.8,0,1.0,1.0,1.0,1,src/backend/marsha/bbb/api.py | src/backend/marsha/bbb/serializers.py,src/backend/marsha/bbb/urls.py | src/backend/marsha/bbb/api.py | src/backend/marsha/bbb/serializers.py,POST /api/classrooms/{classroom_id}/classroomdocuments | POST /api/classrooms/{classroom_id}/classroomdocuments/{id}/initiate-upload | POST /api/classrooms/{classroom_id}/classroomdocuments/{id}/upload-ended,POST /api/classrooms/{classroom_id}/classroomdocuments | POST /api/classrooms/{classroom_id}/classroomdocuments/{id}/initiate-upload | POST /api/classrooms/{classroom_id}/classroomdocuments/{id}/upload-ended,1,0
usecase_v1_0065_path,mwinamijr__django-scms,1.0,0.5,0.6667,0,1.0,1.0,1.0,1,api/users/urls.py | users/views.py,README.md | api/users/urls.py | users/views.py | users/models.py,users/login | users/profile,users/login | users/profile,1,0
usecase_v1_0066_path,mwinamijr__django-scms,1.0,0.5,0.6667,0,1.0,0.3333,0.5,0,api/users/urls.py | users/views.py,README.md | api/users/urls.py | users/views.py | academic/models.py,users/teachers/bulk-upload,users/teachers | users/teachers/<pk> | users/teachers/bulk-upload,1,0
usecase_v1_0067_path,mwinamijr__django-scms,1.0,0.6667,0.8,0,1.0,1.0,1.0,1,api/users/urls.py | users/views.py,README.md | api/users/urls.py | users/views.py,users/accountants | users/accountants/<pk>,users/accountants | users/accountants/<pk>,1,0
usecase_v1_0068_path,mwinamijr__django-scms,1.0,0.5,0.6667,0,1.0,1.0,1.0,1,api/users/urls.py | users/views.py,README.md | api/users/urls.py | users/views.py | academic/models.py,users/parents | users/parents/<pk>,users/parents | users/parents/<pk>,1,0
usecase_v1_0069_path,mwinamijr__django-scms,1.0,0.75,0.8571,0,1.0,1.0,1.0,1,api/sis/urls.py | sis/views.py | academic/models.py,README.md | api/sis/urls.py | sis/views.py | academic/models.py,sis/students | sis/students/<pk>,sis/students | sis/students/<pk>,1,0
usecase_v1_0070_path,mwinamijr__django-scms,1.0,0.6667,0.8,0,1.0,1.0,1.0,1,api/sis/urls.py | sis/views.py,api/sis/urls.py | sis/views.py | academic/models.py,sis/students/bulk-upload,sis/students/bulk-upload,1,0
usecase_v1_0071_path,mwinamijr__django-scms,1.0,1.0,1.0,1,1.0,0.1667,0.2857,0,api/academic/urls.py | academic/models.py | academic/views.py,api/academic/urls.py | academic/models.py | academic/views.py,academic/departments,academic/departments | academic/class-levels | academic/grade-levels | academic/class-years | academic/streams | academic/subjects,1,0
usecase_v1_0072_path,mwinamijr__django-scms,1.0,0.5,0.6667,0,0.0,0.0,0.0,0,academic/views.py,api/academic/urls.py | academic/views.py,student-classes/bulk-upload,academic/subjects/bulk-upload | academic/classrooms/bulk-upload | academic/student-classes/bulk-upload,1,0
usecase_v1_0073_path,mwinamijr__django-scms,1.0,0.5,0.6667,0,1.0,0.25,0.4,0,api/finance/urls.py | finance/views.py,README.md | api/finance/urls.py | finance/views.py | finance/models.py,finance/payments/record,finance/payments/record | finance/payments | finance/payment-allocations | finance/receipt-allocations,1,0
usecase_v1_0074_path,mwinamijr__django-scms,1.0,0.5,0.6667,0,1.0,0.75,0.8571,0,api/finance/urls.py | finance/views.py,README.md | api/finance/urls.py | finance/views.py | academic/models.py,finance/receipts | finance/receipts/student/<student_id> | finance/receipts/bulk-upload,finance/receipts | finance/receipts/student/<student_id> | finance/receipts/bulk-upload | finance/students/<student_id>/debt-overview,1,0
usecase_v1_0075_path,mwinamijr__django-scms,1.0,0.6667,0.8,0,1.0,0.75,0.8571,0,api/finance/urls.py | finance/views.py,api/finance/urls.py | finance/views.py | academic/models.py,finance/debts/update-current | finance/debts/update-all-missing | finance/debts/update-past,finance/debts/update-current | finance/debts/update-all-missing | finance/debts/update-past | finance/debts/reverse,1,0
usecase_v1_0076_path,mwinamijr__django-scms,1.0,0.6667,0.8,0,0.5,0.3333,0.4,0,api/attendance/urls.py | attendance/views.py,README.md | api/attendance/urls.py | attendance/views.py,attendance/teacher-attendance | attendance/teacher-attendance/<int:pk>,attendance/teacher-attendance | attendance/student-attendance | attendance/period-attendance,1,0
usecase_v1_0077_path,mwinamijr__django-scms,1.0,0.6667,0.8,0,1.0,0.5,0.6667,0,api/schedule/urls.py | schedule/views.py,README.md | api/schedule/urls.py | schedule/views.py,schedule/generate-timetable,schedule/periods | schedule/generate-timetable,1,0
usecase_v1_0078_path,mwinamijr__django-scms,1.0,0.6667,0.8,0,1.0,0.6,0.75,0,api/administration/urls.py | administration/views.py,api/administration/urls.py | administration/views.py | administration/models.py,administration/school-events | administration/school-events/bulk-upload | administration/school-events/template-download,administration/academic-years | administration/terms | administration/school-events | administration/school-events/bulk-upload | administration/school-events/template-download,1,0
usecase_v1_0079_path,tough-dev-school__education-backend,1.0,0.75,0.8571,0,1.0,1.0,1.0,1,src/apps/products/urls.py | src/apps/products/api/views.py | src/apps/products/api/serializers.py,README.md | src/apps/products/urls.py | src/apps/products/api/views.py | src/apps/products/api/serializers.py,course-groups/<slug>/courses,course-groups/<slug>/courses,1,0
usecase_v1_0080_path,tough-dev-school__education-backend,1.0,0.5,0.6667,0,1.0,1.0,1.0,1,src/apps/products/urls.py | src/apps/products/api/views.py,src/apps/products/urls.py | src/apps/products/api/views.py | src/apps/banking/price_calculator.py | src/apps/orders/models/promocode.py,courses/<slug>/promocode,courses/<slug>/promocode,1,0
usecase_v1_0081_path,tough-dev-school__education-backend,1.0,0.6667,0.8,0,1.0,1.0,1.0,1,src/apps/orders/api/views.py | src/apps/orders/api/serializers.py,src/apps/orders/urls.py | src/apps/orders/api/views.py | src/apps/orders/api/serializers.py,orders/draft,orders/draft,1,0
usecase_v1_0082_path,tough-dev-school__education-backend,1.0,0.25,0.4,0,1.0,1.0,1.0,1,src/apps/products/api/views.py,README.md | src/apps/products/urls.py | src/apps/products/api/views.py | src/apps/users/services/user_creator.py,courses/<slug>/purchase,courses/<slug>/purchase,1,0
usecase_v1_0083_path,tough-dev-school__education-backend,1.0,0.6667,0.8,0,1.0,1.0,1.0,1,src/apps/orders/urls.py | src/apps/orders/api/views.py,src/apps/orders/urls.py | src/apps/orders/api/views.py | src/apps/orders/models/order.py,orders/<slug>/confirm,orders/<slug>/confirm,1,0
usecase_v1_0084_path,tough-dev-school__education-backend,1.0,0.6667,0.8,0,1.0,0.5,0.6667,0,src/apps/studying/urls.py | src/apps/studying/api/views.py,src/apps/studying/urls.py | src/apps/studying/api/views.py | src/apps/studying/models.py,studying/purchased-courses,studying/purchased-courses | studying/studies/purchased,1,0
usecase_v1_0085_path,tough-dev-school__education-backend,1.0,0.3333,0.5,0,1.0,0.5,0.6667,0,src/apps/lms/api/viewsets.py,src/apps/lms/urls.py | src/apps/lms/api/viewsets.py | src/apps/lms/models/module.py,lms/modules/<id>,lms/modules | lms/modules/<id>,1,0
usecase_v1_0086_path,tough-dev-school__education-backend,1.0,0.6667,0.8,0,1.0,1.0,1.0,1,src/apps/lms/urls.py | src/apps/lms/api/viewsets.py,src/apps/lms/urls.py | src/apps/lms/api/viewsets.py | src/apps/lms/models/lesson.py,lms/lessons | lms/lessons/<id>,lms/lessons | lms/lessons/<id>,1,0
usecase_v1_0087_path,tough-dev-school__education-backend,1.0,0.5,0.6667,0,1.0,0.5,0.6667,0,src/apps/notion/api/views.py | src/apps/notion/cache.py,README.md | src/apps/notion/urls.py | src/apps/notion/api/views.py | src/apps/notion/cache.py,materials/<page_id>,materials/<page_id> | notion/materials/<page_id>,1,0
usecase_v1_0088_path,tough-dev-school__education-backend,1.0,0.3333,0.5,0,1.0,0.5,0.6667,0,src/apps/notion/api/views.py,src/apps/notion/urls.py | src/apps/notion/api/views.py | src/apps/notion/api/serializers.py,materials/<page_id>/update,materials/<page_id>/status | materials/<page_id>/update,1,0
usecase_v1_0089_path,tough-dev-school__education-backend,1.0,0.3333,0.5,0,1.0,1.0,1.0,1,src/apps/homework/api/views/answer.py,src/apps/homework/urls.py | src/apps/homework/api/views/answer.py | src/apps/homework/api/views/question.py,homework/questions/<slug> | homework/answers | homework/answers/image | homework/answers/<answer_slug>/attachment,homework/questions/<slug> | homework/answers | homework/answers/image | homework/answers/<answer_slug>/attachment,1,0
usecase_v1_0090_path,tough-dev-school__education-backend,1.0,0.5,0.6667,0,1.0,1.0,1.0,1,src/apps/homework/api/views/reaction.py,src/apps/homework/urls.py | src/apps/homework/api/views/reaction.py,homework/answers/<answer_slug>/reactions,homework/answers/<answer_slug>/reactions,1,0
usecase_v1_0091_path,tough-dev-school__education-backend,1.0,1.0,1.0,1,1.0,1.0,1.0,1,src/apps/homework/urls.py | src/apps/homework/api/views/crosscheck.py,src/apps/homework/urls.py | src/apps/homework/api/views/crosscheck.py,homework/crosschecks,homework/crosschecks,1,0
usecase_v1_0092_path,tough-dev-school__education-backend,1.0,0.6667,0.8,0,1.0,0.5,0.6667,0,src/apps/diplomas/api/viewsets.py | src/apps/diplomas/models.py,src/apps/diplomas/urls.py | src/apps/diplomas/api/viewsets.py | src/apps/diplomas/models.py,diplomas/<id>,diplomas | diplomas/<id>,1,0
usecase_v1_0093_path,tough-dev-school__education-backend,1.0,0.6667,0.8,0,1.0,1.0,1.0,1,src/apps/users/urls.py | src/apps/users/api/views.py,src/apps/users/urls.py | src/apps/users/api/views.py | src/apps/users/api/serializers.py,users,users,1,0
usecase_v1_0094_path,tough-dev-school__education-backend,1.0,0.6667,0.8,0,1.0,0.3333,0.5,0,src/apps/a12n/urls.py | src/apps/a12n/api/views.py,src/apps/a12n/urls.py | src/apps/a12n/api/views.py | src/apps/a12n/api/serializers.py,auth/passwordless-token/request/<email> | auth/passwordless-token/<token>,auth/token | auth/password/reset | auth/password/reset/confirm | auth/password/change | auth/passwordless-token/request/<email> | auth/passwordless-token/<token>,1,0
usecase_v1_0095_path,tough-dev-school__education-backend,1.0,0.75,0.8571,0,1.0,1.0,1.0,1,src/apps/banking/urls.py | src/apps/tinkoff/api/views.py | src/apps/stripebank/api/views.py,README.md | src/apps/banking/urls.py | src/apps/tinkoff/api/views.py | src/apps/stripebank/api/views.py,banking/tinkoff-notifications | banking/dolyame-notifications | banking/stripe-webhooks | banking/stripe-webhooks/kz,banking/tinkoff-notifications | banking/dolyame-notifications | banking/stripe-webhooks | banking/stripe-webhooks/kz,1,0
usecase_v1_0096_path,knowledgefactory4u__librarymanagementsystem,1.0,1.0,1.0,1,1.0,1.0,1.0,1,README.md | src/main/java/com/knf/dev/librarymanagementsystem/controller/IndexController.java,README.md | src/main/java/com/knf/dev/librarymanagementsystem/controller/IndexController.java,login,login,1,0
usecase_v1_0097_path,knowledgefactory4u__librarymanagementsystem,1.0,0.6667,0.8,0,1.0,1.0,1.0,1,src/main/java/com/knf/dev/librarymanagementsystem/controller/BookController.java | src/main/java/com/knf/dev/librarymanagementsystem/service/BookService.java,README.md | src/main/java/com/knf/dev/librarymanagementsystem/controller/BookController.java | src/main/java/com/knf/dev/librarymanagementsystem/service/BookService.java,books,books | ,1,0
usecase_v1_0098_path,knowledgefactory4u__librarymanagementsystem,1.0,0.5,0.6667,0,1.0,1.0,1.0,1,src/main/java/com/knf/dev/librarymanagementsystem/controller/BookController.java,src/main/java/com/knf/dev/librarymanagementsystem/controller/BookController.java | src/main/java/com/knf/dev/librarymanagementsystem/service/BookService.java,searchBook,searchBook,1,0
usecase_v1_0099_path,knowledgefactory4u__librarymanagementsystem,1.0,0.6667,0.8,0,1.0,1.0,1.0,1,src/main/java/com/knf/dev/librarymanagementsystem/controller/BookController.java | src/main/java/com/knf/dev/librarymanagementsystem/service/BookService.java,README.md | src/main/java/com/knf/dev/librarymanagementsystem/controller/BookController.java | src/main/java/com/knf/dev/librarymanagementsystem/service/BookService.java,add | add-book,add | add-book,1,0
usecase_v1_0100_path,knowledgefactory4u__librarymanagementsystem,1.0,1.0,1.0,1,1.0,1.0,1.0,1,src/main/java/com/knf/dev/librarymanagementsystem/controller/BookController.java | src/main/java/com/knf/dev/librarymanagementsystem/service/BookService.java,src/main/java/com/knf/dev/librarymanagementsystem/controller/BookController.java | src/main/java/com/knf/dev/librarymanagementsystem/service/BookService.java,update/{id} | update-book/{id},update/{id} | update-book/{id},1,0
usecase_v1_0101_path,knowledgefactory4u__librarymanagementsystem,1.0,1.0,1.0,1,1.0,1.0,1.0,1,src/main/java/com/knf/dev/librarymanagementsystem/controller/BookController.java | src/main/java/com/knf/dev/librarymanagementsystem/service/BookService.java,src/main/java/com/knf/dev/librarymanagementsystem/controller/BookController.java | src/main/java/com/knf/dev/librarymanagementsystem/service/BookService.java,remove-book/{id},remove-book/{id},1,0
usecase_v1_0102_path,knowledgefactory4u__librarymanagementsystem,1.0,0.6667,0.8,0,1.0,0.7143,0.8333,0,src/main/java/com/knf/dev/librarymanagementsystem/controller/AuthorController.java | src/main/java/com/knf/dev/librarymanagementsystem/service/AuthorService.java,README.md | src/main/java/com/knf/dev/librarymanagementsystem/controller/AuthorController.java | src/main/java/com/knf/dev/librarymanagementsystem/service/AuthorService.java,authors | author/{id} | add-author | update-author/{id} | remove-author/{id},authors | author/{id} | addAuthor | add-author | updateAuthor/{id} | update-author/{id} | remove-author/{id},1,0
usecase_v1_0103_path,knowledgefactory4u__librarymanagementsystem,1.0,0.6667,0.8,0,1.0,0.7143,0.8333,0,src/main/java/com/knf/dev/librarymanagementsystem/controller/CategoryController.java | src/main/java/com/knf/dev/librarymanagementsystem/service/CategoryService.java,README.md | src/main/java/com/knf/dev/librarymanagementsystem/controller/CategoryController.java | src/main/java/com/knf/dev/librarymanagementsystem/service/CategoryService.java,categories | category/{id} | add-category | update-category/{id} | remove-category/{id},categories | category/{id} | addCategory | add-category | updateCategory/{id} | update-category/{id} | remove-category/{id},1,0
usecase_v1_0104_path,knowledgefactory4u__librarymanagementsystem,1.0,0.6667,0.8,0,1.0,0.7143,0.8333,0,src/main/java/com/knf/dev/librarymanagementsystem/controller/PublisherController.java | src/main/java/com/knf/dev/librarymanagementsystem/service/PublisherService.java,README.md | src/main/java/com/knf/dev/librarymanagementsystem/controller/PublisherController.java | src/main/java/com/knf/dev/librarymanagementsystem/service/PublisherService.java,publishers | publisher/{id} | addPublisher | updatePublisher/{id} | remove-publisher/{id},publishers | publisher/{id} | addPublisher | add-publisher | updatePublisher/{id} | update-publisher/{id} | remove-publisher/{id},1,0
usecase_v1_0105_path,knowledgefactory4u__librarymanagementsystem,1.0,1.0,1.0,1,1.0,1.0,1.0,1,src/main/java/com/knf/dev/librarymanagementsystem/controller/FileExportController.java | src/main/java/com/knf/dev/librarymanagementsystem/service/FileService.java,src/main/java/com/knf/dev/librarymanagementsystem/controller/FileExportController.java | src/main/java/com/knf/dev/librarymanagementsystem/service/FileService.java,export/{fileName},export/{fileName},1,0
usecase_v1_0106_path,SkyCascade__SkyLearn,1.0,0.75,0.8571,0,1.0,0.5,0.6667,0,accounts/urls.py | accounts/views.py | accounts/forms.py,accounts/urls.py | accounts/views.py | accounts/forms.py | accounts/models.py,accounts/register,accounts/register | accounts/ajax/validate-username,1,0
usecase_v1_0107_path,SkyCascade__SkyLearn,1.0,0.6667,0.8,0,1.0,0.3333,0.5,0,accounts/urls.py | accounts/views.py,accounts/urls.py | accounts/views.py | accounts/models.py,accounts/change_password,accounts/profile | accounts/setting | accounts/change_password,1,0
usecase_v1_0108_path,SkyCascade__SkyLearn,1.0,0.5,0.6667,0,1.0,1.0,1.0,1,core/urls.py | core/views.py,README.md | core/urls.py | core/views.py | accounts/models.py,dashboard,dashboard,1,0
usecase_v1_0109_path,SkyCascade__SkyLearn,1.0,0.5,0.6667,0,1.0,1.0,1.0,1,core/urls.py | core/views.py,README.md | core/urls.py | core/views.py | core/models.py,add_item | item/<pk>/edit | item/<pk>/delete,add_item | item/<pk>/edit | item/<pk>/delete,1,0
usecase_v1_0110_path,SkyCascade__SkyLearn,1.0,0.5,0.6667,0,1.0,1.0,1.0,1,core/urls.py | core/views.py,README.md | core/urls.py | core/views.py | core/models.py,session | session/add | session/<pk>/edit | session/<pk>/delete,session | session/add | session/<pk>/edit | session/<pk>/delete,1,0
usecase_v1_0111_path,SkyCascade__SkyLearn,1.0,0.5,0.6667,0,1.0,1.0,1.0,1,core/urls.py | core/views.py,README.md | core/urls.py | core/views.py | core/models.py,semester | semester/add | semester/<pk>/edit | semester/<pk>/delete,semester | semester/add | semester/<pk>/edit | semester/<pk>/delete,1,0
usecase_v1_0112_path,SkyCascade__SkyLearn,1.0,0.5,0.6667,0,1.0,1.0,1.0,1,accounts/urls.py | accounts/views.py,README.md | accounts/urls.py | accounts/views.py | accounts/models.py,accounts/students | accounts/student/add | accounts/student/<pk>/edit | accounts/students/<pk>/delete | accounts/create_students_pdf_list,accounts/students | accounts/student/add | accounts/student/<pk>/edit | accounts/students/<pk>/delete | accounts/create_students_pdf_list,1,0
usecase_v1_0113_path,SkyCascade__SkyLearn,1.0,0.5,0.6667,0,1.0,1.0,1.0,1,accounts/urls.py | accounts/views.py,README.md | accounts/urls.py | accounts/views.py | accounts/models.py,accounts/lecturers | accounts/lecturer/add | accounts/staff/<pk>/edit | accounts/lecturers/<pk>/delete | accounts/create_lecturers_pdf_list,accounts/lecturers | accounts/lecturer/add | accounts/staff/<pk>/edit | accounts/lecturers/<pk>/delete | accounts/create_lecturers_pdf_list,1,0
usecase_v1_0114_path,SkyCascade__SkyLearn,1.0,0.75,0.8571,0,1.0,1.0,1.0,1,accounts/urls.py | accounts/views.py | accounts/forms.py,accounts/urls.py | accounts/views.py | accounts/models.py | accounts/forms.py,accounts/parents/add,accounts/parents/add,1,0
usecase_v1_0115_path,SkyCascade__SkyLearn,1.0,1.0,1.0,1,1.0,1.0,1.0,1,course/urls.py | course/views.py | course/models.py,course/urls.py | course/views.py | course/models.py,programs | programs/add | programs/<pk>/detail | programs/<pk>/edit | programs/<pk>/delete,programs | programs/add | programs/<pk>/detail | programs/<pk>/edit | programs/<pk>/delete,1,0
usecase_v1_0116_path,SkyCascade__SkyLearn,1.0,1.0,1.0,1,1.0,1.0,1.0,1,course/urls.py | course/views.py | course/models.py,course/urls.py | course/views.py | course/models.py,programs/<pk>/course/add | programs/course/<slug>/detail | programs/course/<slug>/edit | programs/course/delete/<slug>,programs/<pk>/course/add | programs/course/<slug>/detail | programs/course/<slug>/edit | programs/course/delete/<slug>,1,0
usecase_v1_0117_path,SkyCascade__SkyLearn,1.0,0.75,0.8571,0,0.25,0.25,0.25,0,course/urls.py | course/views.py | course/models.py,README.md | course/urls.py | course/views.py | course/models.py,programs/course/add | programs/course/<pk>/edit | programs/course/delete | programs/course/assign,programs/course/assign | programs/course/allocated | programs/allocated_course/<pk>/edit | programs/course/<pk>/deallocate,1,0
usecase_v1_0118_path,SkyCascade__SkyLearn,1.0,0.5,0.6667,0,1.0,1.0,1.0,1,course/urls.py | course/views.py,README.md | course/urls.py | course/views.py | course/models.py,programs/course/<slug>/documentations/upload | programs/course/<slug>/documentations/<file_id>/edit | programs/course/<slug>/documentations/<file_id>/delete,programs/course/<slug>/documentations/upload | programs/course/<slug>/documentations/<file_id>/edit | programs/course/<slug>/documentations/<file_id>/delete,1,0
usecase_v1_0119_path,SkyCascade__SkyLearn,1.0,0.5,0.6667,0,1.0,1.0,1.0,1,course/urls.py | course/views.py,README.md | course/urls.py | course/views.py | course/models.py,programs/course/<slug>/video_tutorials/upload | programs/course/<slug>/video_tutorials/<video_slug>/detail | programs/course/<slug>/video_tutorials/<video_slug>/edit | programs/course/<slug>/video_tutorials/<video_slug>/delete,programs/course/<slug>/video_tutorials/upload | programs/course/<slug>/video_tutorials/<video_slug>/detail | programs/course/<slug>/video_tutorials/<video_slug>/edit | programs/course/<slug>/video_tutorials/<video_slug>/delete,1,0
usecase_v1_0120_path,SkyCascade__SkyLearn,1.0,0.5,0.6667,0,1.0,0.6667,0.8,0,course/urls.py | course/views.py,README.md | course/urls.py | course/views.py | result/models.py,programs/course/registration | programs/course/drop,programs/course/registration | programs/course/drop | programs/my_courses,1,0
usecase_v1_0121_path,SkyCascade__SkyLearn,1.0,0.75,0.8571,0,1.0,1.0,1.0,1,result/urls.py | result/views.py | result/models.py,README.md | result/urls.py | result/views.py | result/models.py,result/manage-score | result/manage-score/<id>,result/manage-score | result/manage-score/<id>,1,0
usecase_v1_0122_path,SkyCascade__SkyLearn,1.0,0.5,0.6667,0,1.0,0.5,0.6667,0,result/urls.py | result/views.py,README.md | result/urls.py | result/views.py | result/models.py,result/grade,result/grade | result/assessment,1,0
usecase_v1_0123_path,SkyCascade__SkyLearn,1.0,0.6667,0.8,0,1.0,0.5,0.6667,0,result/urls.py | result/views.py,README.md | result/urls.py | result/views.py,result/result/print/<id>,result/registration/form | result/result/print/<id>,1,0
usecase_v1_0124_path,SkyCascade__SkyLearn,1.0,0.5,0.6667,0,1.0,1.0,1.0,1,quiz/urls.py | quiz/views.py,README.md | quiz/urls.py | quiz/views.py | quiz/models.py,quiz/<slug>/quiz_add | quiz/<slug>/<pk>/add | quiz/<slug>/<pk>/delete,quiz/<slug>/quiz_add | quiz/<slug>/<pk>/add | quiz/<slug>/<pk>/delete,1,0
usecase_v1_0125_path,SkyCascade__SkyLearn,1.0,0.5,0.6667,0,1.0,1.0,1.0,1,quiz/urls.py | quiz/views.py,README.md | quiz/urls.py | quiz/views.py | quiz/models.py,quiz/mc-question/add/<slug>/<quiz_id>,quiz/mc-question/add/<slug>/<quiz_id>,1,0
usecase_v1_0126_path,SkyCascade__SkyLearn,1.0,0.5,0.6667,0,1.0,1.0,1.0,1,quiz/urls.py | quiz/views.py,README.md | quiz/urls.py | quiz/views.py | quiz/models.py,quiz/<pk>/<slug>/take,quiz/<pk>/<slug>/take,1,0
usecase_v1_0127_path,SkyCascade__SkyLearn,1.0,0.75,0.8571,0,1.0,1.0,1.0,1,quiz/urls.py | quiz/views.py | quiz/models.py,README.md | quiz/urls.py | quiz/views.py | quiz/models.py,quiz/marking_list | quiz/marking/<pk>,quiz/marking_list | quiz/marking/<pk>,1,0
usecase_v1_0128_path,SkyCascade__SkyLearn,1.0,0.5,0.6667,0,1.0,1.0,1.0,1,quiz/urls.py | quiz/views.py,README.md | quiz/urls.py | quiz/views.py | quiz/models.py,quiz/progress,quiz/progress,1,0
usecase_v1_0129_path,SkyCascade__SkyLearn,1.0,0.5,0.6667,0,1.0,1.0,1.0,1,search/urls.py | search/views.py,search/urls.py | search/views.py | core/models.py | course/models.py,search,search,1,0
usecase_v1_0130_path,SkyCascade__SkyLearn,0.0,0.0,0.0,0,1.0,0.3333,0.5,0,payments/views.py:create_invoice | payments/views.py:stripe_charge | payments/views.py:gopay_charge | payments/views.py:paymentComplete,payments/urls.py | payments/views.py | payments/models.py,payments/stripe-charge | payments/gopay-charge | payments/payment-succeed,payments | payments/stripe | payments/paypal | payments/coinbase | payments/paylike | payments/stripe-charge | payments/gopay-charge | payments/payment-succeed | payments/complete,1,0
usecase_v1_0131_path,SkyCascade__SkyLearn,1.0,0.6667,0.8,0,1.0,0.5,0.6667,0,payments/urls.py | payments/views.py,payments/urls.py | payments/views.py | payments/models.py,payments/create-invoice,payments/create-invoice | payments/invoice-detail/<id>,1,0
usecase_v1_0132_path,adityagoyal222__django-lms,1.0,1.0,1.0,1,1.0,1.0,1.0,1,README.md | users/urls.py | users/views.py | users/models.py,README.md | users/urls.py | users/views.py | users/models.py,users/signup | users/login | users/logout,users/signup | users/login | users/logout,1,0
usecase_v1_0133_path,adityagoyal222__django-lms,1.0,0.5,0.6667,0,1.0,1.0,1.0,1,courses/urls.py | courses/views.py,README.md | courses/urls.py | courses/views.py | courses/models.py,courses/new,courses/new,1,0
usecase_v1_0134_path,adityagoyal222__django-lms,1.0,0.5,0.6667,0,1.0,0.5,0.6667,0,courses/views.py | courses/models.py,README.md | courses/urls.py | courses/views.py | courses/models.py,courses/detail/<pk>,courses/all | courses/detail/<pk>,1,0
usecase_v1_0135_path,adityagoyal222__django-lms,1.0,0.6667,0.8,0,1.0,1.0,1.0,1,courses/urls.py | courses/views.py,courses/urls.py | courses/views.py | courses/models.py,courses/enroll/<pk>,courses/enroll/<pk>,1,0
usecase_v1_0136_path,adityagoyal222__django-lms,1.0,0.6667,0.8,0,1.0,1.0,1.0,1,courses/urls.py | courses/views.py,courses/urls.py | courses/views.py | courses/models.py,courses/unenroll/<pk>,courses/unenroll/<pk>,1,0
usecase_v1_0137_path,adityagoyal222__django-lms,1.0,0.75,0.8571,0,1.0,1.0,1.0,1,assignments/urls.py | assignments/views.py | assignments/forms.py,README.md | assignments/urls.py | assignments/views.py | assignments/forms.py,assignments/create,assignments/create,1,0
usecase_v1_0138_path,adityagoyal222__django-lms,1.0,0.5,0.6667,0,1.0,1.0,1.0,1,assignments/urls.py | assignments/views.py,README.md | assignments/urls.py | assignments/views.py | assignments/forms.py,assignments/update/<pk>,assignments/update/<pk>,1,0
usecase_v1_0139_path,adityagoyal222__django-lms,1.0,0.5,0.6667,0,1.0,1.0,1.0,1,assignments/urls.py | assignments/views.py,README.md | assignments/urls.py | assignments/views.py | assignments/models.py,assignments/delete/<pk>,assignments/delete/<pk>,1,0
usecase_v1_0140_path,adityagoyal222__django-lms,1.0,0.75,0.8571,0,1.0,1.0,1.0,1,assignments/urls.py | assignments/views.py | assignments/forms.py,README.md | assignments/urls.py | assignments/views.py | assignments/forms.py,assignments/submit | assignments/submission/detail/<pk>,assignments/submit | assignments/submission/detail/<pk>,1,0
usecase_v1_0141_path,adityagoyal222__django-lms,1.0,0.25,0.4,0,1.0,1.0,1.0,1,assignments/views.py,README.md | assignments/urls.py | assignments/views.py | assignments/models.py,assignments/submission/delete/<pk>,assignments/submission/delete/<pk>,1,0
usecase_v1_0142_path,adityagoyal222__django-lms,1.0,0.5,0.6667,0,1.0,1.0,1.0,1,assignments/views.py | assignments/forms.py,README.md | assignments/urls.py | assignments/views.py | assignments/forms.py,assignments/grade/<pk>,assignments/grade/<pk>,1,0
usecase_v1_0143_path,adityagoyal222__django-lms,1.0,0.75,0.8571,0,1.0,1.0,1.0,1,resources/urls.py | resources/views.py | resources/forms.py,README.md | resources/urls.py | resources/views.py | resources/forms.py,resources/create,resources/create,1,0
usecase_v1_0144_path,adityagoyal222__django-lms,1.0,0.5,0.6667,0,1.0,1.0,1.0,1,resources/urls.py | resources/views.py,README.md | resources/urls.py | resources/views.py | resources/models.py,resources/delete/<pk>,resources/delete/<pk>,1,0
usecase_v1_0145_path,engripaye__library-management-system,1.0,0.5,0.6667,0,1.0,1.0,1.0,1,src/main/java/org/engripaye/librarymanagementsystem/controller/BookController.java | src/main/java/org/engripaye/librarymanagementsystem/service/BookService.java,README.md | src/main/java/org/engripaye/librarymanagementsystem/controller/BookController.java | src/main/java/org/engripaye/librarymanagementsystem/service/BookService.java | src/main/java/org/engripaye/librarymanagementsystem/model/Book.java,POST /api/books,POST /api/books,1,0
usecase_v1_0146_path,engripaye__library-management-system,1.0,0.6667,0.8,0,0.0,0.0,0.0,0,src/main/java/org/engripaye/librarymanagementsystem/controller/BookController.java | src/main/java/org/engripaye/librarymanagementsystem/service/BookService.java,README.md | src/main/java/org/engripaye/librarymanagementsystem/controller/BookController.java | src/main/java/org/engripaye/librarymanagementsystem/service/BookService.java,GET /api/books/search,GET /api/books,1,0
usecase_v1_0147_path,engripaye__library-management-system,1.0,0.75,0.8571,0,1.0,1.0,1.0,1,src/main/java/org/engripaye/librarymanagementsystem/controller/BookController.java | src/main/java/org/engripaye/librarymanagementsystem/service/BookService.java | src/main/java/org/engripaye/librarymanagementsystem/repository/BookRepository.java,README.md | src/main/java/org/engripaye/librarymanagementsystem/controller/BookController.java | src/main/java/org/engripaye/librarymanagementsystem/service/BookService.java | src/main/java/org/engripaye/librarymanagementsystem/repository/BookRepository.java,GET /api/books/search?search=...,GET /api/books/search?search=...,1,0
usecase_v1_0148_path,engripaye__library-management-system,1.0,0.6667,0.8,0,1.0,1.0,1.0,1,src/main/java/org/engripaye/librarymanagementsystem/controller/BookController.java | src/main/java/org/engripaye/librarymanagementsystem/service/BookService.java,README.md | src/main/java/org/engripaye/librarymanagementsystem/controller/BookController.java | src/main/java/org/engripaye/librarymanagementsystem/service/BookService.java,GET /api/books/{id},GET /api/books/{id},1,0
usecase_v1_0149_path,engripaye__library-management-system,1.0,0.5,0.6667,0,1.0,1.0,1.0,1,src/main/java/org/engripaye/librarymanagementsystem/controller/UserController.java | src/main/java/org/engripaye/librarymanagementsystem/service/UserService.java,README.md | src/main/java/org/engripaye/librarymanagementsystem/controller/UserController.java | src/main/java/org/engripaye/librarymanagementsystem/service/UserService.java | src/main/java/org/engripaye/librarymanagementsystem/model/AppUser.java,POST /api/users,POST /api/users,1,0
usecase_v1_0150_path,engripaye__library-management-system,1.0,0.6667,0.8,0,0.3333,1.0,0.5,0,src/main/java/org/engripaye/librarymanagementsystem/controller/UserController.java | src/main/java/org/engripaye/librarymanagementsystem/service/UserService.java,README.md | src/main/java/org/engripaye/librarymanagementsystem/controller/UserController.java | src/main/java/org/engripaye/librarymanagementsystem/service/UserService.java,GET /api/users | POST /api/users | GET /api/users/{id},GET /api/users,1,0
usecase_v1_0151_path,engripaye__library-management-system,1.0,0.5,0.6667,0,1.0,1.0,1.0,1,src/main/java/org/engripaye/librarymanagementsystem/controller/LoanController.java | src/main/java/org/engripaye/librarymanagementsystem/service/LoanService.java,README.md | src/main/java/org/engripaye/librarymanagementsystem/controller/LoanController.java | src/main/java/org/engripaye/librarymanagementsystem/service/LoanService.java | src/main/java/org/engripaye/librarymanagementsystem/dto/BorrowRequest.java,POST /api/loans/borrow,POST /api/loans/borrow,1,0
usecase_v1_0152_path,engripaye__library-management-system,1.0,0.5,0.6667,0,1.0,1.0,1.0,1,src/main/java/org/engripaye/librarymanagementsystem/controller/LoanController.java | src/main/java/org/engripaye/librarymanagementsystem/service/LoanService.java,README.md | src/main/java/org/engripaye/librarymanagementsystem/controller/LoanController.java | src/main/java/org/engripaye/librarymanagementsystem/service/LoanService.java | src/main/java/org/engripaye/librarymanagementsystem/model/Loan.java,POST /api/loans/{loanId}/return,POST /api/loans/{loanId}/return,1,0
usecase_v1_0153_path,AdityaKshettri__Student-Database-Management-System-using-JAVA-Spring-Boot,1.0,0.75,0.8571,0,1.0,1.0,1.0,1,src/main/java/studentdbms/controller/StudentController.java | src/main/java/studentdbms/service/StudentService.java | src/main/java/studentdbms/entity/Student.java,README.md | src/main/java/studentdbms/controller/StudentController.java | src/main/java/studentdbms/service/StudentService.java | src/main/java/studentdbms/entity/Student.java,GET /students | GET /students/add | POST /students/save,GET /students | GET /students/add | POST /students/save,1,0
usecase_v1_0154_path,AdityaKshettri__Student-Database-Management-System-using-JAVA-Spring-Boot,1.0,0.75,0.8571,0,1.0,1.0,1.0,1,src/main/java/studentdbms/controller/CourseController.java | src/main/java/studentdbms/service/CourseService.java | src/main/java/studentdbms/entity/Course.java,README.md | src/main/java/studentdbms/controller/CourseController.java | src/main/java/studentdbms/service/CourseService.java | src/main/java/studentdbms/entity/Course.java,GET /courses | GET /courses/{id} | GET /courses/add | POST /courses/save,GET /courses | GET /courses/{id} | GET /courses/add | POST /courses/save,1,0
usecase_v1_0155_path,AdityaKshettri__Student-Database-Management-System-using-JAVA-Spring-Boot,1.0,1.0,1.0,1,0.75,1.0,0.8571,0,src/main/java/studentdbms/controller/StudentController.java | src/main/java/studentdbms/service/StudentService.java | src/main/java/studentdbms/entity/Student.java | src/main/java/studentdbms/entity/Course.java,src/main/java/studentdbms/controller/StudentController.java | src/main/java/studentdbms/service/StudentService.java | src/main/java/studentdbms/entity/Student.java | src/main/java/studentdbms/entity/Course.java,GET /students/{id}/courses | GET /students/{id}/addCourses | GET /students/{sid}/addCourse?cid=... | GET /students/{sid}/removeCourse?cid=...,GET /students/{id}/courses | GET /students/{id}/addCourses | GET /students/{sid}/addCourse?cid=...,1,0
usecase_v1_0156_path,AdityaKshettri__Student-Database-Management-System-using-JAVA-Spring-Boot,1.0,0.5,0.6667,0,1.0,1.0,1.0,1,src/main/java/studentdbms/controller/StudentController.java | src/main/java/studentdbms/service/StudentService.java,src/main/java/studentdbms/controller/StudentController.java | src/main/java/studentdbms/service/StudentService.java | src/main/java/studentdbms/entity/Student.java | src/main/java/studentdbms/entity/Course.java,GET /students/{sid}/removeCourse?cid=...,GET /students/{sid}/removeCourse?cid=...,1,0
usecase_v1_0157_path,AdityaKshettri__Student-Database-Management-System-using-JAVA-Spring-Boot,1.0,0.75,0.8571,0,1.0,1.0,1.0,1,src/main/java/studentdbms/controller/PassportController.java | src/main/java/studentdbms/service/PassportService.java | src/main/java/studentdbms/entity/Passport.java,README.md | src/main/java/studentdbms/controller/PassportController.java | src/main/java/studentdbms/service/PassportService.java | src/main/java/studentdbms/entity/Passport.java,GET /passports/add?id=... | POST /passports/save,GET /passports/add?id=... | POST /passports/save,1,0
usecase_v1_0158_path,AdityaKshettri__Student-Database-Management-System-using-JAVA-Spring-Boot,1.0,0.5,0.6667,0,1.0,1.0,1.0,1,src/main/java/studentdbms/controller/ReviewController.java | src/main/java/studentdbms/service/ReviewService.java,README.md | src/main/java/studentdbms/controller/ReviewController.java | src/main/java/studentdbms/service/ReviewService.java | src/main/java/studentdbms/entity/Review.java,GET /reviews/add?id=... | POST /reviews/save,GET /reviews/add?id=... | POST /reviews/save,1,0
usecase_v1_0159_path,AdityaKshettri__Student-Database-Management-System-using-JAVA-Spring-Boot,1.0,0.6667,0.8,0,1.0,1.0,1.0,1,src/main/java/studentdbms/controller/ReviewController.java | src/main/java/studentdbms/service/ReviewService.java,src/main/java/studentdbms/controller/ReviewController.java | src/main/java/studentdbms/service/ReviewService.java | src/main/java/studentdbms/entity/Review.java,GET /reviews/remove?id=...&cid=...,GET /reviews/remove?id=...&cid=...,1,0
usecase_v1_0160_path,mehmetpekdemir__Library-Management-System,1.0,0.6667,0.8,0,1.0,1.0,1.0,1,src/main/java/com/mehmetpekdemir/librarymanagementsystem/controller/BookController.java | src/main/java/com/mehmetpekdemir/librarymanagementsystem/service/BookService.java,README.md | src/main/java/com/mehmetpekdemir/librarymanagementsystem/controller/BookController.java | src/main/java/com/mehmetpekdemir/librarymanagementsystem/service/BookService.java,books | book/{id},books | book/{id},1,0
usecase_v1_0161_path,mehmetpekdemir__Library-Management-System,1.0,0.3333,0.5,0,1.0,1.0,1.0,1,src/main/java/com/mehmetpekdemir/librarymanagementsystem/controller/BookController.java,README.md | src/main/java/com/mehmetpekdemir/librarymanagementsystem/controller/BookController.java | src/main/java/com/mehmetpekdemir/librarymanagementsystem/service/BookService.java,searchBook,searchBook,1,0
usecase_v1_0162_path,mehmetpekdemir__Library-Management-System,1.0,0.5,0.6667,0,1.0,1.0,1.0,1,src/main/java/com/mehmetpekdemir/librarymanagementsystem/controller/BookController.java | src/main/java/com/mehmetpekdemir/librarymanagementsystem/service/BookService.java,README.md | src/main/java/com/mehmetpekdemir/librarymanagementsystem/controller/BookController.java | src/main/java/com/mehmetpekdemir/librarymanagementsystem/service/BookService.java | src/main/java/com/mehmetpekdemir/librarymanagementsystem/entity/Book.java,add | add-book,add | add-book,1,0
usecase_v1_0163_path,mehmetpekdemir__Library-Management-System,1.0,1.0,1.0,1,1.0,1.0,1.0,1,src/main/java/com/mehmetpekdemir/librarymanagementsystem/controller/BookController.java | src/main/java/com/mehmetpekdemir/librarymanagementsystem/service/BookService.java,src/main/java/com/mehmetpekdemir/librarymanagementsystem/controller/BookController.java | src/main/java/com/mehmetpekdemir/librarymanagementsystem/service/BookService.java,update/{id} | update-book/{id},update/{id} | update-book/{id},1,0
usecase_v1_0164_path,mehmetpekdemir__Library-Management-System,1.0,0.5,0.6667,0,1.0,1.0,1.0,1,src/main/java/com/mehmetpekdemir/librarymanagementsystem/controller/BookController.java,src/main/java/com/mehmetpekdemir/librarymanagementsystem/controller/BookController.java | src/main/java/com/mehmetpekdemir/librarymanagementsystem/service/BookService.java,remove-book/{id},remove-book/{id},1,0
usecase_v1_0165_path,mehmetpekdemir__Library-Management-System,1.0,0.75,0.8571,0,1.0,0.7143,0.8333,0,src/main/java/com/mehmetpekdemir/librarymanagementsystem/controller/AuthorController.java | src/main/java/com/mehmetpekdemir/librarymanagementsystem/service/AuthorService.java | src/main/java/com/mehmetpekdemir/librarymanagementsystem/entity/Author.java,README.md | src/main/java/com/mehmetpekdemir/librarymanagementsystem/controller/AuthorController.java | src/main/java/com/mehmetpekdemir/librarymanagementsystem/service/AuthorService.java | src/main/java/com/mehmetpekdemir/librarymanagementsystem/entity/Author.java,authors | author/{id} | add-author | update-author/{id} | remove-author/{id},authors | author/{id} | addAuthor | add-author | updateAuthor/{id} | update-author/{id} | remove-author/{id},1,0
usecase_v1_0166_path,mehmetpekdemir__Library-Management-System,1.0,0.75,0.8571,0,1.0,0.7143,0.8333,0,src/main/java/com/mehmetpekdemir/librarymanagementsystem/controller/CategoryController.java | src/main/java/com/mehmetpekdemir/librarymanagementsystem/service/CategoryService.java | src/main/java/com/mehmetpekdemir/librarymanagementsystem/entity/Category.java,README.md | src/main/java/com/mehmetpekdemir/librarymanagementsystem/controller/CategoryController.java | src/main/java/com/mehmetpekdemir/librarymanagementsystem/service/CategoryService.java | src/main/java/com/mehmetpekdemir/librarymanagementsystem/entity/Category.java,categories | category/{id} | add-category | update-category/{id} | remove-category/{id},categories | category/{id} | addCategory | add-category | updateCategory/{id} | update-category/{id} | remove-category/{id},1,0
usecase_v1_0167_path,mehmetpekdemir__Library-Management-System,1.0,0.75,0.8571,0,1.0,0.7143,0.8333,0,src/main/java/com/mehmetpekdemir/librarymanagementsystem/controller/PublisherController.java | src/main/java/com/mehmetpekdemir/librarymanagementsystem/service/PublisherService.java | src/main/java/com/mehmetpekdemir/librarymanagementsystem/entity/Publisher.java,README.md | src/main/java/com/mehmetpekdemir/librarymanagementsystem/controller/PublisherController.java | src/main/java/com/mehmetpekdemir/librarymanagementsystem/service/PublisherService.java | src/main/java/com/mehmetpekdemir/librarymanagementsystem/entity/Publisher.java,publishers | publisher/{id} | addPublisher | updatePublisher/{id} | remove-publisher/{id},publishers | publisher/{id} | addPublisher | add-publisher | updatePublisher/{id} | update-publisher/{id} | remove-publisher/{id},1,0
usecase_v1_0168_path,RameshMF__library-management-system,1.0,0.75,0.8571,0,1.0,0.8,0.8889,0,src/main/java/net/javaguides/lms/controller/BookController.java | src/main/java/net/javaguides/lms/service/BookService.java | src/main/java/net/javaguides/lms/entity/Book.java,README.md | src/main/java/net/javaguides/lms/controller/BookController.java | src/main/java/net/javaguides/lms/service/BookService.java | src/main/java/net/javaguides/lms/entity/Book.java,POST /api/books | PUT /api/books/{id} | GET /api/books/{id} | DELETE /api/books/{id},GET /api/books | GET /api/books/{id} | POST /api/books | PUT /api/books/{id} | DELETE /api/books/{id},1,0
usecase_v1_0169_path,RameshMF__library-management-system,1.0,0.6667,0.8,0,1.0,1.0,1.0,1,src/main/java/net/javaguides/lms/controller/UserController.java | src/main/java/net/javaguides/lms/service/UserService.java,src/main/java/net/javaguides/lms/controller/UserController.java | src/main/java/net/javaguides/lms/service/UserService.java | src/main/java/net/javaguides/lms/entity/User.java,POST /api/users,POST /api/users,1,0
usecase_v1_0170_path,RameshMF__library-management-system,1.0,1.0,1.0,1,0.5,1.0,0.6667,0,src/main/java/net/javaguides/lms/controller/UserController.java | src/main/java/net/javaguides/lms/service/UserService.java,src/main/java/net/javaguides/lms/controller/UserController.java | src/main/java/net/javaguides/lms/service/UserService.java,GET /api/users | POST /api/users,GET /api/users,1,0
usecase_v1_0171_path,RameshMF__library-management-system,1.0,0.5,0.6667,0,1.0,1.0,1.0,1,src/main/java/net/javaguides/lms/controller/BookController.java | src/main/java/net/javaguides/lms/service/BookService.java,src/main/java/net/javaguides/lms/controller/BookController.java | src/main/java/net/javaguides/lms/service/BookService.java | src/main/java/net/javaguides/lms/entity/Book.java | src/main/java/net/javaguides/lms/entity/User.java,POST /api/books/{bookId}/borrow/{userId},POST /api/books/{bookId}/borrow/{userId},1,0
usecase_v1_0172_path,RameshMF__library-management-system,1.0,0.6667,0.8,0,1.0,1.0,1.0,1,src/main/java/net/javaguides/lms/controller/BookController.java | src/main/java/net/javaguides/lms/service/BookService.java,src/main/java/net/javaguides/lms/controller/BookController.java | src/main/java/net/javaguides/lms/service/BookService.java | src/main/java/net/javaguides/lms/entity/Book.java,POST /api/books/{bookId}/return,POST /api/books/{bookId}/return,1,0
usecase_v1_0173_path,RameshMF__library-management-system,1.0,1.0,1.0,1,0.0,0.0,0.0,0,src/main/java/net/javaguides/lms/controller/BookController.java | src/main/java/net/javaguides/lms/service/BookService.java,src/main/java/net/javaguides/lms/controller/BookController.java | src/main/java/net/javaguides/lms/service/BookService.java,POST /api/books/{bookId}/return,GET /api/books/{id},1,0
usecase_v1_0174_path,JacksonGao1999__StudentManagement,1.0,0.5,0.6667,0,1.0,1.0,1.0,1,student-crud/src/main/java/com/qizegao/controller/StudentController.java | student-crud/src/main/java/com/qizegao/service/StudentService.java,README.md | student-crud/src/main/java/com/qizegao/controller/StudentController.java | student-crud/src/main/java/com/qizegao/service/StudentService.java | student-crud/src/main/java/com/qizegao/bean/Student.java,GET /stus,GET /stus,1,0
usecase_v1_0175_path,JacksonGao1999__StudentManagement,1.0,0.5,0.6667,0,1.0,1.0,1.0,1,student-crud/src/main/java/com/qizegao/controller/StudentController.java,student-crud/src/main/java/com/qizegao/controller/StudentController.java | student-crud/src/main/java/com/qizegao/service/StudentService.java,GET /checkuser,GET /checkuser,1,0
usecase_v1_0176_path,JacksonGao1999__StudentManagement,1.0,0.5,0.6667,0,1.0,1.0,1.0,1,student-crud/src/main/java/com/qizegao/controller/StudentController.java | student-crud/src/main/java/com/qizegao/service/StudentService.java,README.md | student-crud/src/main/java/com/qizegao/controller/StudentController.java | student-crud/src/main/java/com/qizegao/service/StudentService.java | student-crud/src/main/resources/mapper/StudentMapper.xml,POST /stu,POST /stu,1,0
usecase_v1_0177_path,JacksonGao1999__StudentManagement,1.0,0.6667,0.8,0,1.0,0.5,0.6667,0,student-crud/src/main/java/com/qizegao/controller/StudentController.java | student-crud/src/main/java/com/qizegao/service/StudentService.java,student-crud/src/main/java/com/qizegao/controller/StudentController.java | student-crud/src/main/java/com/qizegao/service/StudentService.java | student-crud/src/main/resources/mapper/StudentMapper.xml,PUT /stu/{stuId},GET /stu/{id} | PUT /stu/{stuId},1,0
usecase_v1_0178_path,JacksonGao1999__StudentManagement,1.0,0.6667,0.8,0,1.0,1.0,1.0,1,student-crud/src/main/java/com/qizegao/controller/StudentController.java | student-crud/src/main/java/com/qizegao/service/StudentService.java,student-crud/src/main/java/com/qizegao/controller/StudentController.java | student-crud/src/main/java/com/qizegao/service/StudentService.java | student-crud/src/main/resources/mapper/StudentMapper.xml,DELETE /stu/{ids},DELETE /stu/{ids},1,0
usecase_v1_0179_path,JacksonGao1999__StudentManagement,1.0,0.5,0.6667,0,1.0,1.0,1.0,1,student-crud/src/main/java/com/qizegao/controller/DepartmentController.java | student-crud/src/main/java/com/qizegao/service/DepartmentService.java,student-crud/src/main/java/com/qizegao/controller/DepartmentController.java | student-crud/src/main/java/com/qizegao/service/DepartmentService.java | student-crud/src/main/java/com/qizegao/bean/Department.java | student-crud/src/main/resources/mapper/DepartmentMapper.xml,GET /depts,GET /depts,1,0
usecase_v1_0180_path,Asitha123__Java-Spring-boot-Student-Management-System,1.0,0.5,0.6667,0,1.0,1.0,1.0,1,student-management-system/src/main/java/com/studentmgr/controller/TemplateController.java | student-management-system/src/main/java/com/studentmgr/service/StudentService.java,README.md | student-management-system/src/main/java/com/studentmgr/controller/TemplateController.java | student-management-system/src/main/java/com/studentmgr/service/StudentService.java | student-management-system/src/main/java/com/studentmgr/model/Student.java,GET ,GET ,1,0
usecase_v1_0181_path,Asitha123__Java-Spring-boot-Student-Management-System,1.0,1.0,1.0,1,0.0,0.0,0.0,0,student-management-system/src/main/java/com/studentmgr/controller/TemplateController.java | student-management-system/src/main/java/com/studentmgr/service/StudentService.java | student-management-system/src/main/java/com/studentmgr/model/Student.java,student-management-system/src/main/java/com/studentmgr/controller/TemplateController.java | student-management-system/src/main/java/com/studentmgr/service/StudentService.java | student-management-system/src/main/java/com/studentmgr/model/Student.java,,GET /save?q=...,1,0
usecase_v1_0182_path,Asitha123__Java-Spring-boot-Student-Management-System,1.0,1.0,1.0,1,0.0,0.0,0.0,0,student-management-system/src/main/java/com/studentmgr/controller/TemplateController.java | student-management-system/src/main/java/com/studentmgr/service/StudentService.java | student-management-system/src/main/java/com/studentmgr/model/Student.java,student-management-system/src/main/java/com/studentmgr/controller/TemplateController.java | student-management-system/src/main/java/com/studentmgr/service/StudentService.java | student-management-system/src/main/java/com/studentmgr/model/Student.java,save,POST /save,1,0
usecase_v1_0183_path,Asitha123__Java-Spring-boot-Student-Management-System,1.0,0.3333,0.5,0,1.0,1.0,1.0,1,student-management-system/src/main/java/com/studentmgr/controller/TemplateController.java,student-management-system/src/main/java/com/studentmgr/controller/TemplateController.java | student-management-system/src/main/java/com/studentmgr/service/StudentService.java | student-management-system/src/main/java/com/studentmgr/model/Student.java,GET /delete,GET /delete,1,0
