task_id,repository_folder,soft_name_match,soft_name_token_f1,pred_use_case_name,gold_use_case_name
usecase_v1_0000,jobic10__student-management-using-django,1,1.0,Manage staff,Manage staff
usecase_v1_0001,jobic10__student-management-using-django,1,1.0,Manage students,Manage students
usecase_v1_0002,jobic10__student-management-using-django,1,1.0,Manage courses,Manage courses
usecase_v1_0003,jobic10__student-management-using-django,1,1.0,Manage subjects,Manage subjects
usecase_v1_0004,jobic10__student-management-using-django,1,0.8,Manage sessions,Manage academic sessions
usecase_v1_0005,jobic10__student-management-using-django,1,0.8,Take Attendance,Take student attendance
usecase_v1_0006,jobic10__student-management-using-django,1,0.8,Update Attendance,Update student attendance
usecase_v1_0007,jobic10__student-management-using-django,1,0.5714,Manage Student Results,Add or update student result
usecase_v1_0008,jobic10__student-management-using-django,1,1.0,Apply for leave,Apply for leave
usecase_v1_0009,jobic10__student-management-using-django,1,1.0,View Attendance,View attendance
usecase_v1_0010,jobic10__student-management-using-django,1,1.0,View Results,View result
usecase_v1_0011,jobic10__student-management-using-django,0,0.2857,View student leave detail,Review leave applications
usecase_v1_0012,jobic10__student-management-using-django,0,0.3333,View student feedback detail,Reply to feedback
usecase_v1_0013,thakurpdhiraj__library_management_system,1,0.6667,Create Book,Add book and create inventory
usecase_v1_0014,thakurpdhiraj__library_management_system,0,0.4,Manage books,Search and update books
usecase_v1_0015,thakurpdhiraj__library_management_system,1,0.8,Delete book,Delete book or inventory
usecase_v1_0016,thakurpdhiraj__library_management_system,1,1.0,Manage users,Manage users
usecase_v1_0017,thakurpdhiraj__library_management_system,1,0.6667,Place new book order,Order available book
usecase_v1_0018,thakurpdhiraj__library_management_system,1,0.8,View My Orders,View current orders
usecase_v1_0019,thakurpdhiraj__library_management_system,1,1.0,View order history,View order history
usecase_v1_0020,thakurpdhiraj__library_management_system,1,0.6667,View overdue orders,Filter overdue orders
usecase_v1_0021,thakurpdhiraj__library_management_system,1,0.6667,Search orders by type,Search orders
usecase_v1_0022,thakurpdhiraj__library_management_system,1,1.0,Mark order as collected,Mark order as collected
usecase_v1_0023,thakurpdhiraj__library_management_system,1,0.75,Mark order as returned,Mark order as returned and generate invoice
usecase_v1_0024,thakurpdhiraj__library_management_system,0,0.3333,Login,Authenticate and access role-based views
usecase_v1_0025,abdulwahid880__School-Management-system-in-laravel-,1,1.0,Manage schools,Manage schools
usecase_v1_0026,abdulwahid880__School-Management-system-in-laravel-,1,0.8,Register User,Register school users
usecase_v1_0027,abdulwahid880__School-Management-system-in-laravel-,0,0.3333,Create school class,Manage classes and sections
usecase_v1_0028,abdulwahid880__School-Management-system-in-laravel-,1,1.0,Take Attendance,Take attendance
usecase_v1_0029,abdulwahid880__School-Management-system-in-laravel-,1,1.0,Adjust Attendance,Adjust attendance
usecase_v1_0030,abdulwahid880__School-Management-system-in-laravel-,0,0.3333,View grades detail,Calculate and save grades
usecase_v1_0031,abdulwahid880__School-Management-system-in-laravel-,1,0.8,View grades detail,View grades
usecase_v1_0032,abdulwahid880__School-Management-system-in-laravel-,0,0.4,Create/Add Fee,Manage fees
usecase_v1_0033,abdulwahid880__School-Management-system-in-laravel-,0,0.2857,Manage account sectors and transactions,Manage income and expenses
usecase_v1_0034,abdulwahid880__School-Management-system-in-laravel-,1,1.0,Manage exams,Manage exams
usecase_v1_0035,abdulwahid880__School-Management-system-in-laravel-,1,0.6667,Manage Academic Settings,Manage academic content
usecase_v1_0036,abdulwahid880__School-Management-system-in-laravel-,1,0.8,Manage books,Manage library books
usecase_v1_0037,abdulwahid880__School-Management-system-in-laravel-,0,0.3333,Manage issued books,Issue and return books
usecase_v1_0038,abdulwahid880__School-Management-system-in-laravel-,0,0.2857,Export students data to Excel,Import and export users
usecase_v1_0039,4jean__lav_sms,1,0.8,Manage Students,Manage student records
usecase_v1_0040,4jean__lav_sms,1,1.0,Promote students,Promote students
usecase_v1_0041,4jean__lav_sms,0,0.5,Manage TimeTables,Manage timetable
usecase_v1_0042,4jean__lav_sms,1,1.0,Manage Payments,Manage payments
usecase_v1_0043,4jean__lav_sms,1,1.0,Manage Marks,Manage marks
usecase_v1_0044,4jean__lav_sms,0,0.0,Select Exam Year,View and print marksheet
usecase_v1_0045,4jean__lav_sms,1,0.5714,Generate Marks Tabulation Report,Generate tabulation sheet
usecase_v1_0046,4jean__lav_sms,0,0.2222,"Manage classes, sections, subjects, grades, and exams",Manage academic structure
usecase_v1_0047,4jean__lav_sms,1,1.0,View my children,View children
usecase_v1_0048,4jean__lav_sms,0,0.3333,Manage account profile,Update own account
usecase_v1_0049,4jean__lav_sms,0,0.4,Manage Pins,Generate and verify pins
usecase_v1_0050,openfun__marsha,1,0.8,Create Video,Create video resource
usecase_v1_0051,openfun__marsha,1,1.0,Initiate video upload,Initiate video upload
usecase_v1_0052,openfun__marsha,1,0.5714,Notify video upload completion,Complete video upload
usecase_v1_0053,openfun__marsha,1,0.5714,View video detail,View video in LMS
usecase_v1_0054,openfun__marsha,1,0.6667,Upload video subtitles,Upload subtitles or transcripts
usecase_v1_0055,openfun__marsha,1,0.6667,Create Video Thumbnail,Upload video thumbnail
usecase_v1_0056,openfun__marsha,1,0.8,Create document,Create document resource
usecase_v1_0057,openfun__marsha,1,0.5714,Initiate and Complete Document Upload,Upload document file
usecase_v1_0058,openfun__marsha,1,1.0,Manage playlists,Manage playlist
usecase_v1_0059,openfun__marsha,1,0.6667,Manage playlist accesses,Manage playlist access
usecase_v1_0060,openfun__marsha,1,0.6667,Start Live Video,Start live session
usecase_v1_0061,openfun__marsha,1,0.5,Stop Live Video Recording,Stop and harvest live session
usecase_v1_0062,openfun__marsha,1,0.5714,Send xAPI statement,Send video analytics statement
usecase_v1_0063,openfun__marsha,0,0.5,Manage classrooms,Create classroom
usecase_v1_0064,openfun__marsha,1,1.0,Upload classroom document,Upload classroom document
usecase_v1_0065,mwinamijr__django-scms,1,1.0,Login and View Profile,Authenticate and view profile
usecase_v1_0066,mwinamijr__django-scms,0,0.3333,Bulk Upload Teachers,Manage teacher accounts
usecase_v1_0067,mwinamijr__django-scms,0,0.3333,List/Search Accountants,Manage accountant accounts
usecase_v1_0068,mwinamijr__django-scms,0,0.3333,List/Search Parents,Manage parent accounts
usecase_v1_0069,mwinamijr__django-scms,1,0.8,Manage students,Manage student records
usecase_v1_0070,mwinamijr__django-scms,1,1.0,Bulk upload students,Bulk upload students
usecase_v1_0071,mwinamijr__django-scms,0,0.0,Bulk Upload Student Classes,Manage academic structure
usecase_v1_0072,mwinamijr__django-scms,1,0.5,Bulk upload student classes,Bulk upload academic data
usecase_v1_0073,mwinamijr__django-scms,1,0.6667,Record Payment,Record and allocate student payments
usecase_v1_0074,mwinamijr__django-scms,0,0.25,Bulk Upload Receipts,Manage receipts and student debt overview
usecase_v1_0075,mwinamijr__django-scms,1,0.6667,Update student debts,Update or reverse debts
usecase_v1_0076,mwinamijr__django-scms,0,0.4,Manage teacher attendance,Record attendance
usecase_v1_0077,mwinamijr__django-scms,1,1.0,Generate Timetable,Generate timetable
usecase_v1_0078,mwinamijr__django-scms,0,0.25,Bulk Upload School Events,Manage academic calendar events
usecase_v1_0079,tough-dev-school__education-backend,0,0.2222,List/Search Courses by Group,View course group offerings
usecase_v1_0080,tough-dev-school__education-backend,1,0.6,View price with promo code,Check course price with promocode
usecase_v1_0081,tough-dev-school__education-backend,1,1.0,Create order draft,Create order draft
usecase_v1_0082,tough-dev-school__education-backend,1,1.0,Purchase course,Purchase course
usecase_v1_0083,tough-dev-school__education-backend,1,0.6667,Confirm order payment,Confirm paid order
usecase_v1_0084,tough-dev-school__education-backend,1,0.6667,View purchased courses,List purchased courses
usecase_v1_0085,tough-dev-school__education-backend,0,0.3333,View module detail,View learning modules
usecase_v1_0086,tough-dev-school__education-backend,1,0.8,View lesson detail,View lessons
usecase_v1_0087,tough-dev-school__education-backend,0,0.2857,View material detail,Read Notion learning material
usecase_v1_0088,tough-dev-school__education-backend,0,0.25,View material update status,Refresh Notion material cache
usecase_v1_0089,tough-dev-school__education-backend,1,1.0,Submit homework answer,Submit homework answer
usecase_v1_0090,tough-dev-school__education-backend,1,1.0,React to homework answer,React to homework answer
usecase_v1_0091,tough-dev-school__education-backend,0,0.3333,View crosscheck status,Review homework crosschecks
usecase_v1_0092,tough-dev-school__education-backend,0,0.3333,View diploma detail,Access diploma records
usecase_v1_0093,tough-dev-school__education-backend,1,0.8,List/Search Users,List users
usecase_v1_0094,tough-dev-school__education-backend,1,0.5,Request passwordless login token,Manage authentication and password recovery
usecase_v1_0095,tough-dev-school__education-backend,1,0.6667,Receive payment notifications,Process payment notifications
usecase_v1_0096,knowledgefactory4u__librarymanagementsystem,1,0.75,Login to Admin Panel,Sign in to library admin panel
usecase_v1_0097,knowledgefactory4u__librarymanagementsystem,0,0.4,Manage books,List and paginate books
usecase_v1_0098,knowledgefactory4u__librarymanagementsystem,1,1.0,Search books,Search books
usecase_v1_0099,knowledgefactory4u__librarymanagementsystem,1,0.5714,Create/Add/Register/Save Book,Create book
usecase_v1_0100,knowledgefactory4u__librarymanagementsystem,1,1.0,Update book,Update book
usecase_v1_0101,knowledgefactory4u__librarymanagementsystem,0,0.5,Remove book,Delete book
usecase_v1_0102,knowledgefactory4u__librarymanagementsystem,1,1.0,Manage authors,Manage authors
usecase_v1_0103,knowledgefactory4u__librarymanagementsystem,1,1.0,Manage categories,Manage categories
usecase_v1_0104,knowledgefactory4u__librarymanagementsystem,1,1.0,Manage publishers,Manage publishers
usecase_v1_0105,knowledgefactory4u__librarymanagementsystem,1,0.8571,Export data to CSV,Export library data to CSV
usecase_v1_0106,SkyCascade__SkyLearn,0,0.5,Register as a student,Register account
usecase_v1_0107,SkyCascade__SkyLearn,0,0.4,Change Password,Manage profile and password
usecase_v1_0108,SkyCascade__SkyLearn,1,0.6667,View Dashboard,View admin dashboard analytics
usecase_v1_0109,SkyCascade__SkyLearn,1,1.0,Manage News and Events,Manage news and events
usecase_v1_0110,SkyCascade__SkyLearn,1,0.8,Manage Sessions,Manage academic sessions
usecase_v1_0111,SkyCascade__SkyLearn,1,1.0,Manage semesters,Manage semesters
usecase_v1_0112,SkyCascade__SkyLearn,1,1.0,Manage Students,Manage students
usecase_v1_0113,SkyCascade__SkyLearn,1,1.0,Manage Lecturers,Manage lecturers
usecase_v1_0114,SkyCascade__SkyLearn,0,0.5,Add Parent,Manage parents
usecase_v1_0115,SkyCascade__SkyLearn,1,1.0,Manage programs,Manage programs
usecase_v1_0116,SkyCascade__SkyLearn,1,1.0,Manage Courses,Manage courses
usecase_v1_0117,SkyCascade__SkyLearn,0,0.3333,Manage Course Allocation,Allocate courses to lecturers
usecase_v1_0118,SkyCascade__SkyLearn,1,0.6667,Manage course documentations,Upload course documentation
usecase_v1_0119,SkyCascade__SkyLearn,1,0.5714,Manage video tutorials,Upload course video tutorials
usecase_v1_0120,SkyCascade__SkyLearn,0,0.2857,Manage course registration and dropping,Register and drop courses
usecase_v1_0121,SkyCascade__SkyLearn,1,0.6667,Manage student scores,Submit student scores
usecase_v1_0122,SkyCascade__SkyLearn,1,0.8571,View Grade Result,View grade and assessment results
usecase_v1_0123,SkyCascade__SkyLearn,1,0.5,View Registration Form,Download registration form and result sheet
usecase_v1_0124,SkyCascade__SkyLearn,1,0.8,Manage quizzes,Create and manage quizzes
usecase_v1_0125,SkyCascade__SkyLearn,1,0.5714,Create MC Question,Create multiple-choice questions
usecase_v1_0126,SkyCascade__SkyLearn,1,0.5714,Take quiz,Take quiz and continue incomplete quiz
usecase_v1_0127,SkyCascade__SkyLearn,0,0.25,View quiz marking list,Review and mark quiz sittings
usecase_v1_0128,SkyCascade__SkyLearn,1,1.0,View quiz progress,View quiz progress
usecase_v1_0129,SkyCascade__SkyLearn,1,0.8,Search content,Search learning content
usecase_v1_0130,SkyCascade__SkyLearn,0,0.25,Create Invoice and Process Payment,Pay through payment gateway
usecase_v1_0131,SkyCascade__SkyLearn,0,0.4,Create Invoice,Create and view invoices
usecase_v1_0132,adityagoyal222__django-lms,0,0.0,Register User,Sign up and authenticate
usecase_v1_0133,adityagoyal222__django-lms,1,1.0,Create course,Create course
usecase_v1_0134,adityagoyal222__django-lms,0,0.4,List/Search Courses,Browse courses
usecase_v1_0135,adityagoyal222__django-lms,1,1.0,Enroll in course,Enroll in course
usecase_v1_0136,adityagoyal222__django-lms,1,1.0,Unenroll from course,Unenroll from course
usecase_v1_0137,adityagoyal222__django-lms,1,1.0,Create Assignment,Create assignment
usecase_v1_0138,adityagoyal222__django-lms,1,1.0,Update Assignment,Update assignment
usecase_v1_0139,adityagoyal222__django-lms,1,1.0,Delete Assignment,Delete assignment
usecase_v1_0140,adityagoyal222__django-lms,1,1.0,Submit Assignment,Submit assignment
usecase_v1_0141,adityagoyal222__django-lms,1,1.0,Delete Assignment Submission,Delete assignment submission
usecase_v1_0142,adityagoyal222__django-lms,1,1.0,Grade Assignment Submission,Grade assignment submission
usecase_v1_0143,adityagoyal222__django-lms,1,0.8,Create Resource,Create course resource
usecase_v1_0144,adityagoyal222__django-lms,1,0.8,Delete Resource,Delete course resource
usecase_v1_0145,engripaye__library-management-system,0,0.5,Create book,Add book
usecase_v1_0146,engripaye__library-management-system,1,0.8,List/Search Books,List books
usecase_v1_0147,engripaye__library-management-system,1,1.0,Search books,Search books
usecase_v1_0148,engripaye__library-management-system,1,1.0,View book detail,View book detail
usecase_v1_0149,engripaye__library-management-system,1,0.8,Register new user,Register library user
usecase_v1_0150,engripaye__library-management-system,1,0.6667,List/Search Users,List library users
usecase_v1_0151,engripaye__library-management-system,1,1.0,Borrow a book,Borrow book
usecase_v1_0152,engripaye__library-management-system,1,1.0,Return a borrowed book,Return borrowed book
usecase_v1_0153,AdityaKshettri__Student-Database-Management-System-using-JAVA-Spring-Boot,1,0.8,Manage students,Manage student records
usecase_v1_0154,AdityaKshettri__Student-Database-Management-System-using-JAVA-Spring-Boot,1,1.0,Manage courses,Manage courses
usecase_v1_0155,AdityaKshettri__Student-Database-Management-System-using-JAVA-Spring-Boot,0,0.3333,Manage student courses,Add course to student
usecase_v1_0156,AdityaKshettri__Student-Database-Management-System-using-JAVA-Spring-Boot,1,1.0,Remove course from student,Remove course from student
usecase_v1_0157,AdityaKshettri__Student-Database-Management-System-using-JAVA-Spring-Boot,0,0.3333,Add Passport,Manage student passport details
usecase_v1_0158,AdityaKshettri__Student-Database-Management-System-using-JAVA-Spring-Boot,1,0.8,Add Review,Add course review
usecase_v1_0159,AdityaKshettri__Student-Database-Management-System-using-JAVA-Spring-Boot,1,0.8571,Remove review from course,Remove course review
usecase_v1_0160,mehmetpekdemir__Library-Management-System,0,0.4,Manage books,List and view books
usecase_v1_0161,mehmetpekdemir__Library-Management-System,1,1.0,Search books,Search books
usecase_v1_0162,mehmetpekdemir__Library-Management-System,1,1.0,Create book,Create book
usecase_v1_0163,mehmetpekdemir__Library-Management-System,1,1.0,Update book,Update book
usecase_v1_0164,mehmetpekdemir__Library-Management-System,0,0.5,Remove book,Delete book
usecase_v1_0165,mehmetpekdemir__Library-Management-System,1,1.0,Manage authors,Manage authors
usecase_v1_0166,mehmetpekdemir__Library-Management-System,1,1.0,Manage categories,Manage categories
usecase_v1_0167,mehmetpekdemir__Library-Management-System,1,1.0,Manage Publishers,Manage publishers
usecase_v1_0168,RameshMF__library-management-system,1,0.8,Manage books,Manage book catalog
usecase_v1_0169,RameshMF__library-management-system,0,0.4,Create user,Register library user
usecase_v1_0170,RameshMF__library-management-system,0,0.4,Manage users,List library users
usecase_v1_0171,RameshMF__library-management-system,1,1.0,Borrow a book,Borrow book
usecase_v1_0172,RameshMF__library-management-system,1,1.0,Return book,Return book
usecase_v1_0173,RameshMF__library-management-system,1,1.0,View Book detail,View book detail
usecase_v1_0174,JacksonGao1999__StudentManagement,1,0.5714,List/Search Students,List students with pagination
usecase_v1_0175,JacksonGao1999__StudentManagement,1,0.5714,Check student name availability,Validate student name
usecase_v1_0176,JacksonGao1999__StudentManagement,1,1.0,Create student,Create student
usecase_v1_0177,JacksonGao1999__StudentManagement,0,0.4,Manage students,View and update student
usecase_v1_0178,JacksonGao1999__StudentManagement,1,1.0,Delete students,Delete students
usecase_v1_0179,JacksonGao1999__StudentManagement,0,0.3333,List/Search Departments,Load department options
usecase_v1_0180,Asitha123__Java-Spring-boot-Student-Management-System,0,0.5,Manage students,List students
usecase_v1_0181,Asitha123__Java-Spring-boot-Student-Management-System,0,0.2857,Manage students,Open student create or edit form
usecase_v1_0182,Asitha123__Java-Spring-boot-Student-Management-System,1,1.0,Save student,Save student
usecase_v1_0183,Asitha123__Java-Spring-boot-Student-Management-System,1,1.0,Delete student,Delete student
